mean_fit_time,std_fit_time,mean_score_time,std_score_time,param_colsample_bytree,param_gamma,param_learning_rate,param_max_depth,param_min_child_weight,param_n_estimators,param_reg_alpha,param_reg_lambda,param_subsample,params,split0_test_score,split1_test_score,split2_test_score,split3_test_score,split4_test_score,mean_test_score,std_test_score,rank_test_score
1.8340295791625976,0.001350768160770702,0.002797365188598633,0.00016612126527462532,0.5870727711973196,7.277257431773251,0.32944486821010927,6,14,443,0.001275228497694486,3.013064775868027,0.6522316555182531,"OrderedDict({'colsample_bytree': 0.5870727711973196, 'gamma': 7.277257431773251, 'learning_rate': 0.32944486821010927, 'max_depth': 6, 'min_child_weight': 14, 'n_estimators': 443, 'reg_alpha': 0.001275228497694486, 'reg_lambda': 3.013064775868027, 'subsample': 0.6522316555182531})",0.6352941176470588,0.723404255319149,0.7692307692307693,0.6666666666666666,0.7692307692307693,0.7127653156188825,0.05406801992221893,147
0.16320672035217285,0.002919369479531396,0.0029111385345458986,0.0005016179907570476,0.8861718488872989,8.833152773808623,0.006590142197357617,14,17,109,6.758514185447544e-05,0.5095359082904494,0.8178645509395852,"OrderedDict({'colsample_bytree': 0.8861718488872989, 'gamma': 8.833152773808623, 'learning_rate': 0.006590142197357617, 'max_depth': 14, 'min_child_weight': 17, 'n_estimators': 109, 'reg_alpha': 6.758514185447544e-05, 'reg_lambda': 0.5095359082904494, 'subsample': 0.8178645509395852})",0.7419354838709677,0.7377049180327869,0.7394957983193278,0.7377049180327869,0.7288135593220338,0.7371309355155806,0.004438781805515915,125
0.2984790802001953,0.004555427905056305,0.003091573715209961,0.00035036983978994744,0.6113827586108063,9.18722521669377,0.0019187205350991966,8,5,481,8.564230042602063e-05,3.1849679224816905,0.7786702115169006,"OrderedDict({'colsample_bytree': 0.6113827586108063, 'gamma': 9.18722521669377, 'learning_rate': 0.0019187205350991966, 'max_depth': 8, 'min_child_weight': 5, 'n_estimators': 481, 'reg_alpha': 8.564230042602063e-05, 'reg_lambda': 3.1849679224816905, 'subsample': 0.7786702115169006})",0.7627118644067796,0.7457627118644068,0.711864406779661,0.7350427350427351,0.7288135593220338,0.7368390554831232,0.016972933266992014,126
0.09739317893981933,0.019174906949562268,0.0033912181854248045,0.0011691670563407498,0.8686771918501544,1.718715613965607,0.041125493587640845,12,11,141,0.34261249458638526,5.562380663209308,0.9559644307534418,"OrderedDict({'colsample_bytree': 0.8686771918501544, 'gamma': 1.718715613965607, 'learning_rate': 0.041125493587640845, 'max_depth': 12, 'min_child_weight': 11, 'n_estimators': 141, 'reg_alpha': 0.34261249458638526, 'reg_lambda': 5.562380663209308, 'subsample': 0.9559644307534418})",0.7311827956989247,0.7157894736842105,0.7169811320754716,0.7021276595744681,0.7476635514018691,0.7227489224869889,0.015484229198111122,141
0.10643491744995118,0.0018558066067466822,0.002655363082885742,0.00013064803857390617,0.8596874091250211,4.380291864409234,0.026383488805177817,11,18,731,0.0035080714868908043,1.99787449871348,0.6765419227639857,"OrderedDict({'colsample_bytree': 0.8596874091250211, 'gamma': 4.380291864409234, 'learning_rate': 0.026383488805177817, 'max_depth': 11, 'min_child_weight': 18, 'n_estimators': 731, 'reg_alpha': 0.0035080714868908043, 'reg_lambda': 1.99787449871348, 'subsample': 0.6765419227639857})",0.6888888888888889,0.7378640776699029,0.7547169811320755,0.6739130434782609,0.75,0.7210765982338255,0.033197914172852505,143
0.10872220993041992,0.003442926128973787,0.002578592300415039,0.0001706323377378003,0.8138196125898978,9.393697376027717,0.0027642089425866604,4,16,404,0.005677368514194905,1.173627616370271,0.8926419685712479,"OrderedDict({'colsample_bytree': 0.8138196125898978, 'gamma': 9.393697376027717, 'learning_rate': 0.0027642089425866604, 'max_depth': 4, 'min_child_weight': 16, 'n_estimators': 404, 'reg_alpha': 0.005677368514194905, 'reg_lambda': 1.173627616370271, 'subsample': 0.8926419685712479})",0.7678571428571429,0.7543859649122807,0.7068965517241379,0.7321428571428571,0.7413793103448276,0.7405323653962492,0.020693162197704822,112
0.13149070739746094,0.0014618889351810853,0.0028981685638427733,0.00038227168067770463,0.7319555509516213,7.753643788278826,0.009310909900976862,13,12,615,0.07810252206527937,0.6984980079758242,0.866941242634403,"OrderedDict({'colsample_bytree': 0.7319555509516213, 'gamma': 7.753643788278826, 'learning_rate': 0.009310909900976862, 'max_depth': 13, 'min_child_weight': 12, 'n_estimators': 615, 'reg_alpha': 0.07810252206527937, 'reg_lambda': 0.6984980079758242, 'subsample': 0.866941242634403})",0.7474747474747475,0.7070707070707071,0.7090909090909091,0.7216494845360825,0.7547169811320755,0.7280005658609043,0.019641695123393713,137
0.03706545829772949,0.0017532932997593794,0.002587699890136719,0.0001717946806531859,0.6803821473832188,9.200092264373165,0.02187503422402094,13,7,99,0.026586845760065553,0.11261653741801549,0.6928647954923324,"OrderedDict({'colsample_bytree': 0.6803821473832188, 'gamma': 9.200092264373165, 'learning_rate': 0.02187503422402094, 'max_depth': 13, 'min_child_weight': 7, 'n_estimators': 99, 'reg_alpha': 0.026586845760065553, 'reg_lambda': 0.11261653741801549, 'subsample': 0.6928647954923324})",0.7924528301886793,0.7272727272727273,0.7207207207207207,0.7378640776699029,0.7663551401869159,0.7489330992077893,0.026777332752148515,42
0.049051427841186525,0.0007973229697520948,0.0026291847229003907,0.00015969436607115645,0.9688345904169497,7.00621444621366,0.22519690067643933,7,8,251,1.0008438031198488e-05,0.5512783985900913,0.7971894567956928,"OrderedDict({'colsample_bytree': 0.9688345904169497, 'gamma': 7.00621444621366, 'learning_rate': 0.22519690067643933, 'max_depth': 7, 'min_child_weight': 8, 'n_estimators': 251, 'reg_alpha': 1.0008438031198488e-05, 'reg_lambda': 0.5512783985900913, 'subsample': 0.7971894567956928})",0.75,0.723404255319149,0.7428571428571429,0.7032967032967034,0.7428571428571429,0.7324830488660277,0.017066660418850684,133
0.04776473045349121,0.003537607177888939,0.0037008285522460937,0.0004352543251566447,0.30254121507832027,8.178300196637515,0.10016128596433635,5,12,311,0.0007534177322060801,0.2019245732342464,0.9469190305262598,"OrderedDict({'colsample_bytree': 0.30254121507832027, 'gamma': 8.178300196637515, 'learning_rate': 0.10016128596433635, 'max_depth': 5, 'min_child_weight': 12, 'n_estimators': 311, 'reg_alpha': 0.0007534177322060801, 'reg_lambda': 0.2019245732342464, 'subsample': 0.9469190305262598})",0.7526881720430108,0.693069306930693,0.7222222222222222,0.7346938775510204,0.7706422018348624,0.7346631561163617,0.02647345462917511,128
0.029453372955322264,0.0012348113915707796,0.002613210678100586,6.954300095430545e-05,0.346282503542263,3.087458682616024,0.49999999999999994,12,1,50,0.25003393427044357,0.1,0.9247833758811416,"OrderedDict({'colsample_bytree': 0.346282503542263, 'gamma': 3.087458682616024, 'learning_rate': 0.49999999999999994, 'max_depth': 12, 'min_child_weight': 1, 'n_estimators': 50, 'reg_alpha': 0.25003393427044357, 'reg_lambda': 0.1, 'subsample': 0.9247833758811416})",0.72,0.7216494845360825,0.8076923076923077,0.7446808510638298,0.74,0.7468045286584439,0.031966833605677515,54
0.03509221076965332,0.0031616290225673824,0.0035590171813964845,0.00023091553153653716,0.77467606859617,7.79195309814387,0.001,2,1,50,0.00038326536355164504,0.1,0.9102958631827767,"OrderedDict({'colsample_bytree': 0.77467606859617, 'gamma': 7.79195309814387, 'learning_rate': 0.001, 'max_depth': 2, 'min_child_weight': 1, 'n_estimators': 50, 'reg_alpha': 0.00038326536355164504, 'reg_lambda': 0.1, 'subsample': 0.9102958631827767})",0.746031746031746,0.746031746031746,0.746031746031746,0.736,0.7419354838709677,0.7432061443932412,0.003936881228527724,66
0.06691241264343262,0.004580907256818081,0.002696990966796875,0.00015932291891054007,0.580929030450549,0.49966181566043383,0.001,13,16,365,0.000990966132870186,0.1,0.5619393389246405,"OrderedDict({'colsample_bytree': 0.580929030450549, 'gamma': 0.49966181566043383, 'learning_rate': 0.001, 'max_depth': 13, 'min_child_weight': 16, 'n_estimators': 365, 'reg_alpha': 0.000990966132870186, 'reg_lambda': 0.1, 'subsample': 0.5619393389246405})",0.746031746031746,0.746031746031746,0.746031746031746,0.736,0.7419354838709677,0.7432061443932412,0.003936881228527724,66
0.6628124237060546,0.029255878260202112,0.0033942222595214843,0.0003298279073034132,0.8276035669605686,7.776696846194808,0.001,4,5,1000,0.007931289680146301,0.1,0.9746267044767882,"OrderedDict({'colsample_bytree': 0.8276035669605686, 'gamma': 7.776696846194808, 'learning_rate': 0.001, 'max_depth': 4, 'min_child_weight': 5, 'n_estimators': 1000, 'reg_alpha': 0.007931289680146301, 'reg_lambda': 0.1, 'subsample': 0.9746267044767882})",0.7777777777777778,0.7238095238095238,0.7142857142857143,0.7254901960784313,0.7592592592592593,0.7401244942421414,0.024215253398936622,114
0.021627092361450197,0.001532472376524251,0.0023794651031494142,8.828526343434014e-05,1.0,10.0,0.49999999999999994,12,1,50,1e-05,0.20866691055873535,0.9920019803538047,"OrderedDict({'colsample_bytree': 1.0, 'gamma': 10.0, 'learning_rate': 0.49999999999999994, 'max_depth': 12, 'min_child_weight': 1, 'n_estimators': 50, 'reg_alpha': 1e-05, 'reg_lambda': 0.20866691055873535, 'subsample': 0.9920019803538047})",0.6888888888888889,0.7551020408163265,0.7254901960784313,0.723404255319149,0.75,0.7285770762205591,0.023553999782755047,136
0.013072824478149414,0.0006221640079397495,0.003680562973022461,0.0004431624757214956,0.7327375584101483,0.7182491013707416,0.04158680511194272,11,20,50,10.0,0.1,0.519251327402608,"OrderedDict({'colsample_bytree': 0.7327375584101483, 'gamma': 0.7182491013707416, 'learning_rate': 0.04158680511194272, 'max_depth': 11, 'min_child_weight': 20, 'n_estimators': 50, 'reg_alpha': 10.0, 'reg_lambda': 0.1, 'subsample': 0.519251327402608})",0.746031746031746,0.746031746031746,0.746031746031746,0.736,0.7419354838709677,0.7432061443932412,0.003936881228527724,66
0.03031296730041504,0.003674620477605181,0.004530715942382813,0.0006072676203217108,0.6934477163396284,0.2228283633092906,0.001,3,13,50,1e-05,1.1582215349896043,0.9222522355401777,"OrderedDict({'colsample_bytree': 0.6934477163396284, 'gamma': 0.2228283633092906, 'learning_rate': 0.001, 'max_depth': 3, 'min_child_weight': 13, 'n_estimators': 50, 'reg_alpha': 1e-05, 'reg_lambda': 1.1582215349896043, 'subsample': 0.9222522355401777})",0.746031746031746,0.746031746031746,0.746031746031746,0.736,0.7419354838709677,0.7432061443932412,0.003936881228527724,66
0.2044726848602295,0.009257290487310594,0.002956724166870117,0.0002118726311960315,0.5978107120669356,9.264702064070775,0.014669819616934855,9,3,1000,2.045692838830191e-05,0.1,0.7475859024795013,"OrderedDict({'colsample_bytree': 0.5978107120669356, 'gamma': 9.264702064070775, 'learning_rate': 0.014669819616934855, 'max_depth': 9, 'min_child_weight': 3, 'n_estimators': 1000, 'reg_alpha': 2.045692838830191e-05, 'reg_lambda': 0.1, 'subsample': 0.7475859024795013})",0.7551020408163265,0.7070707070707071,0.7289719626168224,0.7216494845360825,0.7592592592592593,0.7344106908598395,0.019927298762508535,129
0.11603918075561523,0.0034430435000072554,0.002730560302734375,9.292899285199554e-05,0.8279248424896068,7.596525802887425,0.0844607874787503,12,18,1000,0.12336861650669981,0.1,0.7430771038306146,"OrderedDict({'colsample_bytree': 0.8279248424896068, 'gamma': 7.596525802887425, 'learning_rate': 0.0844607874787503, 'max_depth': 12, 'min_child_weight': 18, 'n_estimators': 1000, 'reg_alpha': 0.12336861650669981, 'reg_lambda': 0.1, 'subsample': 0.7430771038306146})",0.717391304347826,0.6938775510204082,0.7222222222222222,0.7010309278350515,0.7592592592592593,0.7187562529369534,0.02274865494002916,146
0.031358528137207034,0.0011501449296302505,0.0024273872375488283,6.739640752031231e-05,0.3,6.773496934318062,0.008286044561198466,15,1,50,0.0010040220118307179,0.1,0.6357127962749827,"OrderedDict({'colsample_bytree': 0.3, 'gamma': 6.773496934318062, 'learning_rate': 0.008286044561198466, 'max_depth': 15, 'min_child_weight': 1, 'n_estimators': 50, 'reg_alpha': 0.0010040220118307179, 'reg_lambda': 0.1, 'subsample': 0.6357127962749827})",0.746031746031746,0.7479674796747967,0.746031746031746,0.7258064516129032,0.7419354838709677,0.741554581444432,0.008116205382394402,107
0.02109980583190918,0.0017814979241048386,0.0030838966369628905,0.000281324564244692,0.3,4.383303752725954,0.001,2,1,50,0.15395019327822,0.1,1.0,"OrderedDict({'colsample_bytree': 0.3, 'gamma': 4.383303752725954, 'learning_rate': 0.001, 'max_depth': 2, 'min_child_weight': 1, 'n_estimators': 50, 'reg_alpha': 0.15395019327822, 'reg_lambda': 0.1, 'subsample': 1.0})",0.746031746031746,0.746031746031746,0.746031746031746,0.736,0.7419354838709677,0.7432061443932412,0.003936881228527724,66
0.10969491004943847,0.0012461070912062092,0.0026957035064697266,0.00012265940545469473,0.37638436973769623,2.4694135303826275,0.001,2,7,578,1e-05,0.1,0.6005550146778694,"OrderedDict({'colsample_bytree': 0.37638436973769623, 'gamma': 2.4694135303826275, 'learning_rate': 0.001, 'max_depth': 2, 'min_child_weight': 7, 'n_estimators': 578, 'reg_alpha': 1e-05, 'reg_lambda': 0.1, 'subsample': 0.6005550146778694})",0.752,0.752,0.746031746031746,0.7258064516129032,0.7419354838709677,0.7435547363031235,0.009658199862286967,64
0.1473005771636963,0.0049658515628436635,0.0028010845184326173,0.00027810995736175315,0.3228127036352502,3.3505542038574037,0.0012798413817526587,7,17,984,2.5415513938259524e-05,8.417097029324765,0.7199697279135484,"OrderedDict({'colsample_bytree': 0.3228127036352502, 'gamma': 3.3505542038574037, 'learning_rate': 0.0012798413817526587, 'max_depth': 7, 'min_child_weight': 17, 'n_estimators': 984, 'reg_alpha': 2.5415513938259524e-05, 'reg_lambda': 8.417097029324765, 'subsample': 0.7199697279135484})",0.7479674796747967,0.7479674796747967,0.7580645161290323,0.7213114754098361,0.7288135593220338,0.740824902042099,0.013596200183993941,111
0.3073359489440918,0.026121035482694524,0.0058024883270263675,0.00142375959255264,0.5561492773454002,2.4298698775483842,0.001,2,2,1000,10.0,10.0,0.5689681399912679,"OrderedDict({'colsample_bytree': 0.5561492773454002, 'gamma': 2.4298698775483842, 'learning_rate': 0.001, 'max_depth': 2, 'min_child_weight': 2, 'n_estimators': 1000, 'reg_alpha': 10.0, 'reg_lambda': 10.0, 'subsample': 0.5689681399912679})",0.746031746031746,0.746031746031746,0.746031746031746,0.736,0.7419354838709677,0.7432061443932412,0.003936881228527724,66
0.01649298667907715,0.0018234347735741083,0.002653360366821289,0.00025038718723201947,0.3,7.8966683796824,0.001,12,5,50,3.209991486318068,10.0,0.8893692488212139,"OrderedDict({'colsample_bytree': 0.3, 'gamma': 7.8966683796824, 'learning_rate': 0.001, 'max_depth': 12, 'min_child_weight': 5, 'n_estimators': 50, 'reg_alpha': 3.209991486318068, 'reg_lambda': 10.0, 'subsample': 0.8893692488212139})",0.746031746031746,0.746031746031746,0.746031746031746,0.736,0.7419354838709677,0.7432061443932412,0.003936881228527724,66
0.02133498191833496,0.0010511621330261366,0.003484630584716797,0.0003109293684727505,1.0,0.0,0.001,2,8,50,9.375550206757085e-05,0.1,0.5,"OrderedDict({'colsample_bytree': 1.0, 'gamma': 0.0, 'learning_rate': 0.001, 'max_depth': 2, 'min_child_weight': 8, 'n_estimators': 50, 'reg_alpha': 9.375550206757085e-05, 'reg_lambda': 0.1, 'subsample': 0.5})",0.746031746031746,0.746031746031746,0.746031746031746,0.736,0.7419354838709677,0.7432061443932412,0.003936881228527724,66
0.09284534454345703,0.0019433618723468991,0.003019571304321289,0.0004543277818872446,0.9904000608391479,5.4517433606891705,0.0010284499079451254,13,6,164,0.10856384409885357,9.082182689346054,0.7260419756064191,"OrderedDict({'colsample_bytree': 0.9904000608391479, 'gamma': 5.4517433606891705, 'learning_rate': 0.0010284499079451254, 'max_depth': 13, 'min_child_weight': 6, 'n_estimators': 164, 'reg_alpha': 0.10856384409885357, 'reg_lambda': 9.082182689346054, 'subsample': 0.7260419756064191})",0.746031746031746,0.746031746031746,0.746031746031746,0.736,0.7419354838709677,0.7432061443932412,0.003936881228527724,66
0.16250295639038087,0.0022166367421668767,0.0027568817138671877,9.865591408191175e-05,0.34412978784261655,5.734933176088405,0.0010269194377283913,9,17,984,0.6212494773288172,0.9411622177700014,0.8176776791673155,"OrderedDict({'colsample_bytree': 0.34412978784261655, 'gamma': 5.734933176088405, 'learning_rate': 0.0010269194377283913, 'max_depth': 9, 'min_child_weight': 17, 'n_estimators': 984, 'reg_alpha': 0.6212494773288172, 'reg_lambda': 0.9411622177700014, 'subsample': 0.8176776791673155})",0.7540983606557377,0.75,0.7563025210084033,0.7350427350427351,0.7288135593220338,0.744851435205782,0.010923046988156387,61
0.3538204193115234,0.003578671581809204,0.003077125549316406,0.0001302547359733278,0.9806804346420634,2.2445278271610762,0.001047458704106587,13,13,978,0.0001549995413676319,0.3346128001163641,0.7060170464196758,"OrderedDict({'colsample_bytree': 0.9806804346420634, 'gamma': 2.2445278271610762, 'learning_rate': 0.001047458704106587, 'max_depth': 13, 'min_child_weight': 13, 'n_estimators': 978, 'reg_alpha': 0.0001549995413676319, 'reg_lambda': 0.3346128001163641, 'subsample': 0.7060170464196758})",0.7678571428571429,0.7678571428571429,0.7256637168141593,0.7339449541284404,0.7413793103448276,0.7473404534003427,0.017474121602141752,53
0.019320344924926756,0.000635287706745095,0.002969646453857422,5.648550261536261e-05,0.3,2.653496450647003,0.037804283543284446,2,1,50,1e-05,0.1,0.5,"OrderedDict({'colsample_bytree': 0.3, 'gamma': 2.653496450647003, 'learning_rate': 0.037804283543284446, 'max_depth': 2, 'min_child_weight': 1, 'n_estimators': 50, 'reg_alpha': 1e-05, 'reg_lambda': 0.1, 'subsample': 0.5})",0.7547169811320755,0.7238095238095238,0.7407407407407407,0.7272727272727273,0.7857142857142857,0.7464508517338706,0.022463221936049403,56
0.46666789054870605,0.006625613237864934,0.0029136180877685548,0.00013916544540814975,1.0,0.0,0.001,2,1,1000,1.4913302400320478,0.8998732857330851,0.5,"OrderedDict({'colsample_bytree': 1.0, 'gamma': 0.0, 'learning_rate': 0.001, 'max_depth': 2, 'min_child_weight': 1, 'n_estimators': 1000, 'reg_alpha': 1.4913302400320478, 'reg_lambda': 0.8998732857330851, 'subsample': 0.5})",0.7758620689655172,0.7387387387387387,0.6956521739130435,0.7567567567567568,0.7413793103448276,0.7416778097437767,0.026544395323482198,106
0.011992692947387695,0.00039638199826494094,0.0025825977325439455,6.050655826213117e-05,0.6893261488195677,0.0,0.04300060361805644,2,20,50,1e-05,0.1,0.5,"OrderedDict({'colsample_bytree': 0.6893261488195677, 'gamma': 0.0, 'learning_rate': 0.04300060361805644, 'max_depth': 2, 'min_child_weight': 20, 'n_estimators': 50, 'reg_alpha': 1e-05, 'reg_lambda': 0.1, 'subsample': 0.5})",0.746031746031746,0.746031746031746,0.746031746031746,0.736,0.7419354838709677,0.7432061443932412,0.003936881228527724,66
0.12055535316467285,0.0037638317063976396,0.002708768844604492,0.00030740388709793345,1.0,0.0,0.21034082406121565,14,1,50,1e-05,0.1,0.5665144426424539,"OrderedDict({'colsample_bytree': 1.0, 'gamma': 0.0, 'learning_rate': 0.21034082406121565, 'max_depth': 14, 'min_child_weight': 1, 'n_estimators': 50, 'reg_alpha': 1e-05, 'reg_lambda': 0.1, 'subsample': 0.5665144426424539})",0.7252747252747253,0.7526881720430108,0.72,0.7659574468085106,0.7766990291262136,0.748123874650492,0.022219111199445633,48
0.058767509460449216,0.002866112705305871,0.0034818172454833983,0.0005988233994744258,0.8902894142192337,10.0,0.001,7,3,50,1.1232983062884376,0.4832251008775343,0.9432251222792164,"OrderedDict({'colsample_bytree': 0.8902894142192337, 'gamma': 10.0, 'learning_rate': 0.001, 'max_depth': 7, 'min_child_weight': 3, 'n_estimators': 50, 'reg_alpha': 1.1232983062884376, 'reg_lambda': 0.4832251008775343, 'subsample': 0.9432251222792164})",0.746031746031746,0.746031746031746,0.746031746031746,0.736,0.7419354838709677,0.7432061443932412,0.003936881228527724,66
0.1419276237487793,0.001976405445631565,0.002782440185546875,9.349311517353692e-05,0.8138764564223409,0.0,0.49999999999999994,11,9,1000,7.638354402507938e-05,0.1,0.5888162391149837,"OrderedDict({'colsample_bytree': 0.8138764564223409, 'gamma': 0.0, 'learning_rate': 0.49999999999999994, 'max_depth': 11, 'min_child_weight': 9, 'n_estimators': 1000, 'reg_alpha': 7.638354402507938e-05, 'reg_lambda': 0.1, 'subsample': 0.5888162391149837})",0.6987951807228916,0.6526315789473685,0.7663551401869159,0.625,0.7254901960784313,0.6936544191871215,0.05044133552670498,150
1.547782802581787,0.02038126371070041,0.004482650756835937,0.0002508394879734843,0.9950330098010094,0.37060630918007603,0.0067736628020599035,10,2,913,0.060667921928141154,0.10066396515045091,0.6842549659154097,"OrderedDict({'colsample_bytree': 0.9950330098010094, 'gamma': 0.37060630918007603, 'learning_rate': 0.0067736628020599035, 'max_depth': 10, 'min_child_weight': 2, 'n_estimators': 913, 'reg_alpha': 0.060667921928141154, 'reg_lambda': 0.10066396515045091, 'subsample': 0.6842549659154097})",0.7628865979381443,0.7526881720430108,0.7722772277227723,0.7111111111111111,0.7647058823529411,0.752733798233596,0.021729270311012707,25
0.2766575813293457,0.012164850768879881,0.003462553024291992,0.0002767555225632556,0.3911024277864201,0.3260037703179753,0.00909236502394342,12,7,519,1.3013938314613036e-05,0.10059773219671436,0.9733757949992113,"OrderedDict({'colsample_bytree': 0.3911024277864201, 'gamma': 0.3260037703179753, 'learning_rate': 0.00909236502394342, 'max_depth': 12, 'min_child_weight': 7, 'n_estimators': 519, 'reg_alpha': 1.3013938314613036e-05, 'reg_lambda': 0.10059773219671436, 'subsample': 0.9733757949992113})",0.7446808510638298,0.7311827956989247,0.7961165048543689,0.7333333333333333,0.7358490566037735,0.7482325083108461,0.024378348531110313,47
0.3408851146697998,0.008680738765119407,0.00404047966003418,0.0001615089056122887,0.3,0.0,0.003085406435164265,15,9,1000,0.000333260937406177,0.1,0.8973208350914261,"OrderedDict({'colsample_bytree': 0.3, 'gamma': 0.0, 'learning_rate': 0.003085406435164265, 'max_depth': 15, 'min_child_weight': 9, 'n_estimators': 1000, 'reg_alpha': 0.000333260937406177, 'reg_lambda': 0.1, 'subsample': 0.8973208350914261})",0.7422680412371134,0.7291666666666666,0.7289719626168224,0.7446808510638298,0.7547169811320755,0.7399609005433015,0.009824611821086614,117
0.01386404037475586,0.0006566162981005609,0.0033775806427001954,0.00021441811952028415,1.0,0.0,0.0038238809249297677,2,20,50,0.0669008606866208,0.1,0.5,"OrderedDict({'colsample_bytree': 1.0, 'gamma': 0.0, 'learning_rate': 0.0038238809249297677, 'max_depth': 2, 'min_child_weight': 20, 'n_estimators': 50, 'reg_alpha': 0.0669008606866208, 'reg_lambda': 0.1, 'subsample': 0.5})",0.746031746031746,0.746031746031746,0.746031746031746,0.736,0.7419354838709677,0.7432061443932412,0.003936881228527724,66
1.669518232345581,0.015391229857378053,0.004807853698730468,8.842129655596945e-05,0.7654066382898486,0.0,0.013744686464452694,13,1,1000,1.244259769082166,0.1,0.707900232159496,"OrderedDict({'colsample_bytree': 0.7654066382898486, 'gamma': 0.0, 'learning_rate': 0.013744686464452694, 'max_depth': 13, 'min_child_weight': 1, 'n_estimators': 1000, 'reg_alpha': 1.244259769082166, 'reg_lambda': 0.1, 'subsample': 0.707900232159496})",0.7551020408163265,0.7368421052631579,0.7722772277227723,0.7252747252747253,0.7692307692307693,0.7517453736615503,0.01822836217966266,31
0.055521154403686525,0.0023181482932167637,0.002613735198974609,0.0002298623381979516,1.0,10.0,0.04681315110670204,6,1,50,1e-05,0.1,0.7149631385617677,"OrderedDict({'colsample_bytree': 1.0, 'gamma': 10.0, 'learning_rate': 0.04681315110670204, 'max_depth': 6, 'min_child_weight': 1, 'n_estimators': 50, 'reg_alpha': 1e-05, 'reg_lambda': 0.1, 'subsample': 0.7149631385617677})",0.8076923076923077,0.7238095238095238,0.7358490566037735,0.7238095238095238,0.7407407407407407,0.746380230531174,0.031371177469224416,57
0.02230668067932129,0.002522665572270414,0.0030729293823242186,0.0004048093994526456,0.5360393512854846,1.4292724597792918,0.49049300610880175,3,17,88,0.0009410352038931036,4.234388390782262,0.6047510916996411,"OrderedDict({'colsample_bytree': 0.5360393512854846, 'gamma': 1.4292724597792918, 'learning_rate': 0.49049300610880175, 'max_depth': 3, 'min_child_weight': 17, 'n_estimators': 88, 'reg_alpha': 0.0009410352038931036, 'reg_lambda': 4.234388390782262, 'subsample': 0.6047510916996411})",0.6888888888888889,0.7676767676767676,0.7326732673267327,0.6818181818181818,0.76,0.726211421142114,0.035402060934508074,139
0.5626759052276611,0.011143826730861265,0.004005908966064453,0.000250637331417063,0.5453613761073087,0.2585794324933633,0.008399701484391182,12,6,982,1.0450748326149,4.702988815032532,0.8546445297992835,"OrderedDict({'colsample_bytree': 0.5453613761073087, 'gamma': 0.2585794324933633, 'learning_rate': 0.008399701484391182, 'max_depth': 12, 'min_child_weight': 6, 'n_estimators': 982, 'reg_alpha': 1.0450748326149, 'reg_lambda': 4.702988815032532, 'subsample': 0.8546445297992835})",0.7526881720430108,0.7391304347826086,0.7647058823529411,0.7391304347826086,0.75,0.7491309847922338,0.009549955011255008,41
0.13510122299194335,0.005016529543757985,0.0033233165740966797,0.00039085417200562106,0.816093714986573,0.0,0.015741859149957828,5,1,50,1.650042432449166e-05,0.1,0.8283038529707074,"OrderedDict({'colsample_bytree': 0.816093714986573, 'gamma': 0.0, 'learning_rate': 0.015741859149957828, 'max_depth': 5, 'min_child_weight': 1, 'n_estimators': 50, 'reg_alpha': 1.650042432449166e-05, 'reg_lambda': 0.1, 'subsample': 0.8283038529707074})",0.75,0.7339449541284404,0.7339449541284404,0.7184466019417476,0.7522935779816514,0.7377260176360559,0.01235437743882032,123
0.13015098571777345,0.005623549177936676,0.0028939247131347656,0.00020536585350381235,0.9815511737258933,1.5020315870757819,0.002747122358327707,13,2,53,0.0010575734881024975,8.481260559063816,0.8374765916688482,"OrderedDict({'colsample_bytree': 0.9815511737258933, 'gamma': 1.5020315870757819, 'learning_rate': 0.002747122358327707, 'max_depth': 13, 'min_child_weight': 2, 'n_estimators': 53, 'reg_alpha': 0.0010575734881024975, 'reg_lambda': 8.481260559063816, 'subsample': 0.8374765916688482})",0.746031746031746,0.746031746031746,0.746031746031746,0.736,0.7419354838709677,0.7432061443932412,0.003936881228527724,66
0.02704024314880371,0.0026780220497668516,0.0038024425506591798,0.0005381698030899457,0.490458471754432,9.020551680316009,0.0020773392816294273,14,13,94,0.00029759059666561836,0.11860315962357125,0.589764406135419,"OrderedDict({'colsample_bytree': 0.490458471754432, 'gamma': 9.020551680316009, 'learning_rate': 0.0020773392816294273, 'max_depth': 14, 'min_child_weight': 13, 'n_estimators': 94, 'reg_alpha': 0.00029759059666561836, 'reg_lambda': 0.11860315962357125, 'subsample': 0.589764406135419})",0.746031746031746,0.746031746031746,0.746031746031746,0.736,0.7419354838709677,0.7432061443932412,0.003936881228527724,66
0.14249305725097655,0.002742587885802563,0.003152132034301758,0.0007051317084631585,0.9455041904999366,0.0,0.0043665785167493,2,17,559,0.006014202917634677,10.0,0.8292288717397951,"OrderedDict({'colsample_bytree': 0.9455041904999366, 'gamma': 0.0, 'learning_rate': 0.0043665785167493, 'max_depth': 2, 'min_child_weight': 17, 'n_estimators': 559, 'reg_alpha': 0.006014202917634677, 'reg_lambda': 10.0, 'subsample': 0.8292288717397951})",0.7735849056603774,0.7476635514018691,0.7155963302752294,0.7524752475247525,0.7567567567567568,0.7492153583237972,0.01894213059278341,40
0.18318600654602052,0.005096460422384492,0.003016757965087891,0.00016773687639954398,0.4664403688739741,0.0,0.009497786333091915,2,8,849,0.00028172205735335035,0.1,0.9712438458343406,"OrderedDict({'colsample_bytree': 0.4664403688739741, 'gamma': 0.0, 'learning_rate': 0.009497786333091915, 'max_depth': 2, 'min_child_weight': 8, 'n_estimators': 849, 'reg_alpha': 0.00028172205735335035, 'reg_lambda': 0.1, 'subsample': 0.9712438458343406})",0.7446808510638298,0.7415730337078652,0.7766990291262136,0.7472527472527473,0.7884615384615384,0.7597334399224389,0.019106456172945284,8
0.18681297302246094,0.004553425081328567,0.003020477294921875,0.00033387085653690054,0.31335888449187516,1.0569798641385322,0.0030184536095428497,3,4,573,1.196528837782544,0.10908117657372697,0.7846108515833204,"OrderedDict({'colsample_bytree': 0.31335888449187516, 'gamma': 1.0569798641385322, 'learning_rate': 0.0030184536095428497, 'max_depth': 3, 'min_child_weight': 4, 'n_estimators': 573, 'reg_alpha': 1.196528837782544, 'reg_lambda': 0.10908117657372697, 'subsample': 0.7846108515833204})",0.7777777777777778,0.7428571428571429,0.7272727272727273,0.74,0.7387387387387387,0.7453292773292775,0.017069809758254922,60
0.2605414390563965,0.002914738829731307,0.0032511234283447267,0.00022864495377327682,0.8656135558919122,0.0,0.009010657077376534,2,13,1000,6.179382787840905e-05,0.1,1.0,"OrderedDict({'colsample_bytree': 0.8656135558919122, 'gamma': 0.0, 'learning_rate': 0.009010657077376534, 'max_depth': 2, 'min_child_weight': 13, 'n_estimators': 1000, 'reg_alpha': 6.179382787840905e-05, 'reg_lambda': 0.1, 'subsample': 1.0})",0.6666666666666666,0.6881720430107527,0.7289719626168224,0.6881720430107527,0.7777777777777778,0.7099520986165544,0.03945744098073744,148
0.06838316917419433,0.003327457797047557,0.00362548828125,0.0004070066908433722,0.739071371905683,3.1979703093885172,0.002145544562735457,10,9,364,10.0,0.5867802754006757,0.5725777110353774,"OrderedDict({'colsample_bytree': 0.739071371905683, 'gamma': 3.1979703093885172, 'learning_rate': 0.002145544562735457, 'max_depth': 10, 'min_child_weight': 9, 'n_estimators': 364, 'reg_alpha': 10.0, 'reg_lambda': 0.5867802754006757, 'subsample': 0.5725777110353774})",0.746031746031746,0.746031746031746,0.746031746031746,0.736,0.7419354838709677,0.7432061443932412,0.003936881228527724,66
0.04570298194885254,0.005894732149681915,0.003706073760986328,0.0015240418477015583,0.48494708903921285,6.19582733100973,0.0015320811224998935,2,2,164,10.0,2.2641079919798934,1.0,"OrderedDict({'colsample_bytree': 0.48494708903921285, 'gamma': 6.19582733100973, 'learning_rate': 0.0015320811224998935, 'max_depth': 2, 'min_child_weight': 2, 'n_estimators': 164, 'reg_alpha': 10.0, 'reg_lambda': 2.2641079919798934, 'subsample': 1.0})",0.746031746031746,0.746031746031746,0.746031746031746,0.736,0.7419354838709677,0.7432061443932412,0.003936881228527724,66
0.0822148323059082,0.004303075533244091,0.003069782257080078,0.0006466683092793838,0.4584554202229644,5.7623972720333185,0.021574199377386527,5,16,653,10.0,0.2035832909654169,0.8606536970266339,"OrderedDict({'colsample_bytree': 0.4584554202229644, 'gamma': 5.7623972720333185, 'learning_rate': 0.021574199377386527, 'max_depth': 5, 'min_child_weight': 16, 'n_estimators': 653, 'reg_alpha': 10.0, 'reg_lambda': 0.2035832909654169, 'subsample': 0.8606536970266339})",0.746031746031746,0.746031746031746,0.746031746031746,0.736,0.7419354838709677,0.7432061443932412,0.003936881228527724,66
0.15552301406860353,0.0026008868695216346,0.0028729915618896486,0.00011891198277556386,0.48754259281741474,0.38607661787746544,0.005687510105522083,2,20,950,0.21865232597532436,3.3677189834070735,1.0,"OrderedDict({'colsample_bytree': 0.48754259281741474, 'gamma': 0.38607661787746544, 'learning_rate': 0.005687510105522083, 'max_depth': 2, 'min_child_weight': 20, 'n_estimators': 950, 'reg_alpha': 0.21865232597532436, 'reg_lambda': 3.3677189834070735, 'subsample': 1.0})",0.7291666666666666,0.72,0.7454545454545455,0.7142857142857143,0.7476635514018691,0.7313140955617592,0.013340487304147169,134
0.2640984058380127,0.00478783591639342,0.003353452682495117,0.00021158412977847354,0.4560401174851059,0.0,0.0582280953116221,4,3,1000,5.658716376351911e-05,0.562087143388133,0.7001185952195846,"OrderedDict({'colsample_bytree': 0.4560401174851059, 'gamma': 0.0, 'learning_rate': 0.0582280953116221, 'max_depth': 4, 'min_child_weight': 3, 'n_estimators': 1000, 'reg_alpha': 5.658716376351911e-05, 'reg_lambda': 0.562087143388133, 'subsample': 0.7001185952195846})",0.7441860465116279,0.7578947368421053,0.7378640776699029,0.735632183908046,0.7722772277227723,0.749570854530891,0.013749165217345968,37
0.1653137683868408,0.004675087064114033,0.003118133544921875,0.0006074507631427592,0.6895539196833015,0.0,0.014570185070679446,14,1,50,0.015097306036293135,0.1417527386510144,0.5841701759444348,"OrderedDict({'colsample_bytree': 0.6895539196833015, 'gamma': 0.0, 'learning_rate': 0.014570185070679446, 'max_depth': 14, 'min_child_weight': 1, 'n_estimators': 50, 'reg_alpha': 0.015097306036293135, 'reg_lambda': 0.1417527386510144, 'subsample': 0.5841701759444348})",0.7567567567567568,0.7407407407407407,0.7192982456140351,0.7307692307692307,0.7543859649122807,0.7403901877586089,0.01415133974661885,113
0.44203710556030273,0.0038759144816290507,0.003587627410888672,0.00030119673406203294,0.48137873279359944,0.0,0.001,14,9,1000,0.0023204570280326063,2.3648038493782573,0.8625167903650985,"OrderedDict({'colsample_bytree': 0.48137873279359944, 'gamma': 0.0, 'learning_rate': 0.001, 'max_depth': 14, 'min_child_weight': 9, 'n_estimators': 1000, 'reg_alpha': 0.0023204570280326063, 'reg_lambda': 2.3648038493782573, 'subsample': 0.8625167903650985})",0.8108108108108109,0.75,0.7130434782608696,0.7339449541284404,0.7368421052631579,0.7489282696926558,0.03313273569480296,43
0.14868311882019042,0.0014281996516011348,0.0025881290435791015,4.315326226718667e-05,0.4479878199511334,7.927410890107984,0.012357104044729582,8,8,1000,0.07792445641986959,3.9797781098431906,0.9459031824972339,"OrderedDict({'colsample_bytree': 0.4479878199511334, 'gamma': 7.927410890107984, 'learning_rate': 0.012357104044729582, 'max_depth': 8, 'min_child_weight': 8, 'n_estimators': 1000, 'reg_alpha': 0.07792445641986959, 'reg_lambda': 3.9797781098431906, 'subsample': 0.9459031824972339})",0.7722772277227723,0.74,0.7169811320754716,0.7272727272727273,0.7522935779816514,0.7417649330105245,0.019335088818010167,105
0.16408843994140626,0.0014511414252907698,0.002617931365966797,0.00011287256276374566,1.0,0.0,0.001,10,20,903,0.035047235435091445,10.0,0.5450123653621823,"OrderedDict({'colsample_bytree': 1.0, 'gamma': 0.0, 'learning_rate': 0.001, 'max_depth': 10, 'min_child_weight': 20, 'n_estimators': 903, 'reg_alpha': 0.035047235435091445, 'reg_lambda': 10.0, 'subsample': 0.5450123653621823})",0.746031746031746,0.746031746031746,0.746031746031746,0.736,0.7419354838709677,0.7432061443932412,0.003936881228527724,66
0.13705792427062988,0.0058414135709037454,0.0028624534606933594,0.00018910570556128346,0.46500913627068685,0.0,0.0012717631333552133,5,14,402,1.2604442229762355e-05,0.19058318543968808,1.0,"OrderedDict({'colsample_bytree': 0.46500913627068685, 'gamma': 0.0, 'learning_rate': 0.0012717631333552133, 'max_depth': 5, 'min_child_weight': 14, 'n_estimators': 402, 'reg_alpha': 1.2604442229762355e-05, 'reg_lambda': 0.19058318543968808, 'subsample': 1.0})",0.7419354838709677,0.7317073170731707,0.7479674796747967,0.7333333333333333,0.7317073170731707,0.7373301862050878,0.006535578419388072,124
0.2989794254302979,0.0031481542082805562,0.0028241157531738283,0.00037744459035254864,1.0,10.0,0.014018739963738064,14,1,1000,0.009194268825777535,0.1,0.6531461760319177,"OrderedDict({'colsample_bytree': 1.0, 'gamma': 10.0, 'learning_rate': 0.014018739963738064, 'max_depth': 14, 'min_child_weight': 1, 'n_estimators': 1000, 'reg_alpha': 0.009194268825777535, 'reg_lambda': 0.1, 'subsample': 0.6531461760319177})",0.7628865979381443,0.7216494845360825,0.7169811320754716,0.7311827956989247,0.7735849056603774,0.7412569831818001,0.022751681299663703,108
0.022934532165527342,0.0007092210602604419,0.003364276885986328,0.00023341680079097134,0.8062056203886276,0.0,0.001,3,20,50,2.048479602770922e-05,10.0,0.9760171584554391,"OrderedDict({'colsample_bytree': 0.8062056203886276, 'gamma': 0.0, 'learning_rate': 0.001, 'max_depth': 3, 'min_child_weight': 20, 'n_estimators': 50, 'reg_alpha': 2.048479602770922e-05, 'reg_lambda': 10.0, 'subsample': 0.9760171584554391})",0.746031746031746,0.746031746031746,0.746031746031746,0.736,0.7419354838709677,0.7432061443932412,0.003936881228527724,66
0.15567436218261718,0.01460874228127003,0.002632808685302734,0.0001816140846337128,1.0,0.0,0.001,11,15,376,7.159654017781879,10.0,0.9718274146323675,"OrderedDict({'colsample_bytree': 1.0, 'gamma': 0.0, 'learning_rate': 0.001, 'max_depth': 11, 'min_child_weight': 15, 'n_estimators': 376, 'reg_alpha': 7.159654017781879, 'reg_lambda': 10.0, 'subsample': 0.9718274146323675})",0.746031746031746,0.746031746031746,0.746031746031746,0.736,0.7419354838709677,0.7432061443932412,0.003936881228527724,66
0.23571643829345704,0.0052357428611934775,0.003145647048950195,0.00017003075674923126,0.43014776734684823,0.0,0.02281010664815934,11,8,1000,0.18701397627977037,0.1,0.5987480047892825,"OrderedDict({'colsample_bytree': 0.43014776734684823, 'gamma': 0.0, 'learning_rate': 0.02281010664815934, 'max_depth': 11, 'min_child_weight': 8, 'n_estimators': 1000, 'reg_alpha': 0.18701397627977037, 'reg_lambda': 0.1, 'subsample': 0.5987480047892825})",0.6888888888888889,0.7526881720430108,0.7238095238095238,0.7415730337078652,0.7572815533980582,0.7328482343694694,0.02482279062799179,132
0.352543306350708,0.01567541904190775,0.0030707836151123045,0.00038838093524106235,0.8856349914535777,0.0,0.0015621927534461095,2,7,1000,0.2711141514256933,5.724698071017513,1.0,"OrderedDict({'colsample_bytree': 0.8856349914535777, 'gamma': 0.0, 'learning_rate': 0.0015621927534461095, 'max_depth': 2, 'min_child_weight': 7, 'n_estimators': 1000, 'reg_alpha': 0.2711141514256933, 'reg_lambda': 5.724698071017513, 'subsample': 1.0})",0.7924528301886793,0.7450980392156863,0.7017543859649122,0.7,0.7567567567567568,0.7392124024252069,0.03497914732772662,121
0.3752293586730957,0.0039035503911882046,0.003498554229736328,5.0513914894082235e-05,0.33828288228242964,0.0,0.005035727562245343,6,7,789,2.826190976640612,0.13031326317782627,1.0,"OrderedDict({'colsample_bytree': 0.33828288228242964, 'gamma': 0.0, 'learning_rate': 0.005035727562245343, 'max_depth': 6, 'min_child_weight': 7, 'n_estimators': 789, 'reg_alpha': 2.826190976640612, 'reg_lambda': 0.13031326317782627, 'subsample': 1.0})",0.75,0.7083333333333334,0.7428571428571429,0.7368421052631579,0.7619047619047619,0.7399874686716792,0.01789263061255238,115
0.011777687072753906,0.0016321284784296085,0.002573728561401367,0.0005489157707481766,0.3,10.0,0.001,13,20,50,0.3467769414388889,0.5579825103513479,0.6298663101094906,"OrderedDict({'colsample_bytree': 0.3, 'gamma': 10.0, 'learning_rate': 0.001, 'max_depth': 13, 'min_child_weight': 20, 'n_estimators': 50, 'reg_alpha': 0.3467769414388889, 'reg_lambda': 0.5579825103513479, 'subsample': 0.6298663101094906})",0.746031746031746,0.746031746031746,0.746031746031746,0.736,0.7419354838709677,0.7432061443932412,0.003936881228527724,66
0.22205586433410646,0.005849416802416925,0.0034664154052734377,0.000150818128182282,0.3900165135313133,2.4252480008079464,0.0018498065810241251,3,8,834,0.00035712577111154557,0.10077685224947659,0.8005231722539897,"OrderedDict({'colsample_bytree': 0.3900165135313133, 'gamma': 2.4252480008079464, 'learning_rate': 0.0018498065810241251, 'max_depth': 3, 'min_child_weight': 8, 'n_estimators': 834, 'reg_alpha': 0.00035712577111154557, 'reg_lambda': 0.10077685224947659, 'subsample': 0.8005231722539897})",0.7692307692307693,0.7326732673267327,0.7207207207207207,0.7346938775510204,0.7592592592592593,0.7433155788177006,0.018021754516103414,65
0.12521834373474122,0.002429651260324319,0.0028289794921875,0.0004424854235234493,0.4612742658737759,9.24856157835167,0.006121209178874966,12,4,507,0.0012839055719106507,2.048765237122248,0.7605503641359099,"OrderedDict({'colsample_bytree': 0.4612742658737759, 'gamma': 9.24856157835167, 'learning_rate': 0.006121209178874966, 'max_depth': 12, 'min_child_weight': 4, 'n_estimators': 507, 'reg_alpha': 0.0012839055719106507, 'reg_lambda': 2.048765237122248, 'subsample': 0.7605503641359099})",0.7850467289719626,0.7378640776699029,0.7090909090909091,0.7766990291262136,0.7454545454545455,0.7508310580627068,0.027492375551173672,33
0.27509493827819825,0.005398228988164319,0.003069019317626953,4.735561982048208e-05,0.47208015743583004,0.4851592275700439,0.02881559430745096,3,2,887,0.6011882862961359,1.559389311304051,0.6042566797263763,"OrderedDict({'colsample_bytree': 0.47208015743583004, 'gamma': 0.4851592275700439, 'learning_rate': 0.02881559430745096, 'max_depth': 3, 'min_child_weight': 2, 'n_estimators': 887, 'reg_alpha': 0.6011882862961359, 'reg_lambda': 1.559389311304051, 'subsample': 0.6042566797263763})",0.7692307692307693,0.7628865979381443,0.7647058823529411,0.7415730337078652,0.78,0.7636792566459439,0.01255032522579233,2
0.10955471992492676,0.002264879482600698,0.002737092971801758,0.00031735762280675245,0.3875268151632478,6.685931801631307,0.029682631777794562,7,10,942,0.008828653716662912,9.631907264410108,0.7086664608812148,"OrderedDict({'colsample_bytree': 0.3875268151632478, 'gamma': 6.685931801631307, 'learning_rate': 0.029682631777794562, 'max_depth': 7, 'min_child_weight': 10, 'n_estimators': 942, 'reg_alpha': 0.008828653716662912, 'reg_lambda': 9.631907264410108, 'subsample': 0.7086664608812148})",0.76,0.7326732673267327,0.7207207207207207,0.7628865979381443,0.7706422018348624,0.7493845575640921,0.019223750499295946,38
0.06784996986389161,0.003273547466496465,0.0032976627349853515,0.0005522097238837688,0.33630545585815064,4.707882311649485,0.06922098312699741,2,1,473,10.0,0.7979453876452479,0.6874546124942351,"OrderedDict({'colsample_bytree': 0.33630545585815064, 'gamma': 4.707882311649485, 'learning_rate': 0.06922098312699741, 'max_depth': 2, 'min_child_weight': 1, 'n_estimators': 473, 'reg_alpha': 10.0, 'reg_lambda': 0.7979453876452479, 'subsample': 0.6874546124942351})",0.746031746031746,0.746031746031746,0.746031746031746,0.736,0.7419354838709677,0.7432061443932412,0.003936881228527724,66
0.19634199142456055,0.0049940134535327325,0.002981758117675781,0.0004960174766422821,0.4582519578048858,3.2218930322088504,0.027656557186231442,10,2,740,0.013896216606248043,0.1049775655228296,0.774880852463778,"OrderedDict({'colsample_bytree': 0.4582519578048858, 'gamma': 3.2218930322088504, 'learning_rate': 0.027656557186231442, 'max_depth': 10, 'min_child_weight': 2, 'n_estimators': 740, 'reg_alpha': 0.013896216606248043, 'reg_lambda': 0.1049775655228296, 'subsample': 0.774880852463778})",0.7628865979381443,0.6947368421052632,0.7647058823529411,0.7032967032967034,0.7735849056603774,0.7398421862706859,0.033638917348405815,118
0.14746336936950682,0.005953470235636071,0.003404521942138672,0.0007435794822737879,0.5612699651379343,8.158332156189111,0.029581449997570158,10,4,850,0.025948550821697197,1.9104356647879372,0.6941378972523392,"OrderedDict({'colsample_bytree': 0.5612699651379343, 'gamma': 8.158332156189111, 'learning_rate': 0.029581449997570158, 'max_depth': 10, 'min_child_weight': 4, 'n_estimators': 850, 'reg_alpha': 0.025948550821697197, 'reg_lambda': 1.9104356647879372, 'subsample': 0.6941378972523392})",0.7708333333333334,0.723404255319149,0.7289719626168224,0.7083333333333334,0.7663551401869159,0.7395796049579108,0.024674757654631185,119
0.028351688385009767,0.002060301694247553,0.004187965393066406,0.0005211557597566891,0.46668623355382466,4.469695142492081,0.03666605987200152,2,17,100,0.029199749187098684,6.739596777834446,0.9577761566004312,"OrderedDict({'colsample_bytree': 0.46668623355382466, 'gamma': 4.469695142492081, 'learning_rate': 0.03666605987200152, 'max_depth': 2, 'min_child_weight': 17, 'n_estimators': 100, 'reg_alpha': 0.029199749187098684, 'reg_lambda': 6.739596777834446, 'subsample': 0.9577761566004312})",0.7722772277227723,0.693069306930693,0.7142857142857143,0.6736842105263158,0.75,0.7206632918930991,0.03614907025827825,144
1.5409424304962158,0.02655183180303999,0.005405616760253906,0.0004272087700327746,0.6745558411280869,0.0,0.02885662898971772,12,1,954,0.03157889440813301,10.0,0.7047882252435769,"OrderedDict({'colsample_bytree': 0.6745558411280869, 'gamma': 0.0, 'learning_rate': 0.02885662898971772, 'max_depth': 12, 'min_child_weight': 1, 'n_estimators': 954, 'reg_alpha': 0.03157889440813301, 'reg_lambda': 10.0, 'subsample': 0.7047882252435769})",0.7835051546391752,0.7096774193548387,0.7961165048543689,0.7446808510638298,0.7843137254901961,0.7636587310804818,0.03208787417714272,3
0.21086816787719725,0.012689324468744673,0.00315704345703125,0.00037381556487271517,0.6752046377274414,10.0,0.001,7,10,1000,0.01602448980593644,7.171258990247344,0.65824965694972,"OrderedDict({'colsample_bytree': 0.6752046377274414, 'gamma': 10.0, 'learning_rate': 0.001, 'max_depth': 7, 'min_child_weight': 10, 'n_estimators': 1000, 'reg_alpha': 0.01602448980593644, 'reg_lambda': 7.171258990247344, 'subsample': 0.65824965694972})",0.746031746031746,0.746031746031746,0.746031746031746,0.736,0.7419354838709677,0.7432061443932412,0.003936881228527724,66
0.13360471725463868,0.0018797824979156442,0.00269317626953125,5.0194217649882954e-05,0.7321524998319813,7.411742718753685,0.029606141829785645,6,13,931,0.018872300317984387,2.841116689547722,0.7702065379610665,"OrderedDict({'colsample_bytree': 0.7321524998319813, 'gamma': 7.411742718753685, 'learning_rate': 0.029606141829785645, 'max_depth': 6, 'min_child_weight': 13, 'n_estimators': 931, 'reg_alpha': 0.018872300317984387, 'reg_lambda': 2.841116689547722, 'subsample': 0.7702065379610665})",0.7628865979381443,0.7291666666666666,0.7090909090909091,0.7157894736842105,0.7735849056603774,0.7381037106080616,0.02566182098968786,122
0.09658803939819335,0.0015805700402348603,0.0026415348052978515,7.520095402281783e-05,0.5516186556480926,0.0,0.029525408275795275,7,19,876,0.0013082380349372198,7.385732479105493,0.5108701821521118,"OrderedDict({'colsample_bytree': 0.5516186556480926, 'gamma': 0.0, 'learning_rate': 0.029525408275795275, 'max_depth': 7, 'min_child_weight': 19, 'n_estimators': 876, 'reg_alpha': 0.0013082380349372198, 'reg_lambda': 7.385732479105493, 'subsample': 0.5108701821521118})",0.7474747474747475,0.7766990291262136,0.7289719626168224,0.7,0.7169811320754716,0.7340253742586509,0.02636549151418806,130
1.2413457393646241,0.01458924096773044,0.004904699325561523,0.00015428673249307675,0.4809663378566731,0.0,0.020178173739244472,9,1,1000,1.057607038911099e-05,10.0,0.5699128999087287,"OrderedDict({'colsample_bytree': 0.4809663378566731, 'gamma': 0.0, 'learning_rate': 0.020178173739244472, 'max_depth': 9, 'min_child_weight': 1, 'n_estimators': 1000, 'reg_alpha': 1.057607038911099e-05, 'reg_lambda': 10.0, 'subsample': 0.5699128999087287})",0.8,0.7096774193548387,0.7766990291262136,0.723404255319149,0.7843137254901961,0.7588188858580794,0.03559396105921428,10
1.4673881530761719,0.007759650506380941,0.004777956008911133,0.00025352963110880406,0.3,0.0,0.017086128383923666,10,1,814,1.629519918953544e-05,10.0,0.793082429234035,"OrderedDict({'colsample_bytree': 0.3, 'gamma': 0.0, 'learning_rate': 0.017086128383923666, 'max_depth': 10, 'min_child_weight': 1, 'n_estimators': 814, 'reg_alpha': 1.629519918953544e-05, 'reg_lambda': 10.0, 'subsample': 0.793082429234035})",0.7676767676767676,0.7368421052631579,0.780952380952381,0.7578947368421053,0.7692307692307693,0.7625193519930362,0.014779219731846805,4
0.45655012130737305,0.007405277749298492,0.0034503936767578125,0.00013289298469693265,0.4086365049667243,1.2643654974428267,0.01185889564643919,14,1,700,0.00018248618521781414,8.232988051301545,0.522386410129308,"OrderedDict({'colsample_bytree': 0.4086365049667243, 'gamma': 1.2643654974428267, 'learning_rate': 0.01185889564643919, 'max_depth': 14, 'min_child_weight': 1, 'n_estimators': 700, 'reg_alpha': 0.00018248618521781414, 'reg_lambda': 8.232988051301545, 'subsample': 0.522386410129308})",0.7422680412371134,0.7311827956989247,0.7619047619047619,0.7157894736842105,0.7619047619047619,0.7426099668859545,0.01785841112589471,102
0.11782946586608886,0.0016056729626450056,0.002591228485107422,0.00010727750935250634,0.32986325355006946,9.457319318575168,0.12749326387348164,13,1,948,0.14585627264020679,7.269316078236544,0.9755499077821692,"OrderedDict({'colsample_bytree': 0.32986325355006946, 'gamma': 9.457319318575168, 'learning_rate': 0.12749326387348164, 'max_depth': 13, 'min_child_weight': 1, 'n_estimators': 948, 'reg_alpha': 0.14585627264020679, 'reg_lambda': 7.269316078236544, 'subsample': 0.9755499077821692})",0.780952380952381,0.7358490566037735,0.7079646017699115,0.7254901960784313,0.7321428571428571,0.7364798185094709,0.0242111763101117,127
0.15224089622497558,0.002510893502642746,0.002752208709716797,0.00015814450824173682,0.32602437529363565,0.0,0.025475731654009078,2,1,1000,10.0,10.0,0.6916357841544726,"OrderedDict({'colsample_bytree': 0.32602437529363565, 'gamma': 0.0, 'learning_rate': 0.025475731654009078, 'max_depth': 2, 'min_child_weight': 1, 'n_estimators': 1000, 'reg_alpha': 10.0, 'reg_lambda': 10.0, 'subsample': 0.6916357841544726})",0.7843137254901961,0.74,0.7207207207207207,0.7291666666666666,0.7592592592592593,0.7466920744273684,0.022802446158112853,55
0.2740902900695801,0.0008875715241030603,0.0035810470581054688,0.00011792473108814244,0.3,0.0,0.016906670700521365,4,1,1000,10.0,10.0,0.5659365906465382,"OrderedDict({'colsample_bytree': 0.3, 'gamma': 0.0, 'learning_rate': 0.016906670700521365, 'max_depth': 4, 'min_child_weight': 1, 'n_estimators': 1000, 'reg_alpha': 10.0, 'reg_lambda': 10.0, 'subsample': 0.5659365906465382})",0.8113207547169812,0.7619047619047619,0.7222222222222222,0.6938775510204082,0.7735849056603774,0.7525820391049501,0.040856347556087726,26
0.042828702926635744,0.002319832110740942,0.0027761936187744142,0.000151765394750157,0.7982323286866613,0.9779889168071034,0.42860788358117186,11,2,54,2.2942893281479837e-05,7.24582754619091,0.835018372670761,"OrderedDict({'colsample_bytree': 0.7982323286866613, 'gamma': 0.9779889168071034, 'learning_rate': 0.42860788358117186, 'max_depth': 11, 'min_child_weight': 2, 'n_estimators': 54, 'reg_alpha': 2.2942893281479837e-05, 'reg_lambda': 7.24582754619091, 'subsample': 0.835018372670761})",0.7252747252747253,0.7415730337078652,0.76,0.723404255319149,0.780952380952381,0.7462408790508241,0.021804043392576297,58
0.07478203773498535,0.0006338862808327055,0.0025537967681884765,9.986507057012718e-05,0.601389519497619,9.746460989549334,0.48474885887521296,9,20,798,0.00014764072963197877,0.268221797605331,0.8736762299637435,"OrderedDict({'colsample_bytree': 0.601389519497619, 'gamma': 9.746460989549334, 'learning_rate': 0.48474885887521296, 'max_depth': 9, 'min_child_weight': 20, 'n_estimators': 798, 'reg_alpha': 0.00014764072963197877, 'reg_lambda': 0.268221797605331, 'subsample': 0.8736762299637435})",0.6451612903225806,0.7291666666666666,0.7378640776699029,0.6170212765957447,0.7524752475247525,0.6963377117559295,0.054522885591266786,149
1.2735463619232177,0.009629306024450333,0.00391230583190918,0.00012048237974935317,0.8197172510998048,0.7232165419906235,0.004906136965532155,9,1,658,3.923996033825494e-05,8.904256343614538,0.5995460111891224,"OrderedDict({'colsample_bytree': 0.8197172510998048, 'gamma': 0.7232165419906235, 'learning_rate': 0.004906136965532155, 'max_depth': 9, 'min_child_weight': 1, 'n_estimators': 658, 'reg_alpha': 3.923996033825494e-05, 'reg_lambda': 8.904256343614538, 'subsample': 0.5995460111891224})",0.7850467289719626,0.7291666666666666,0.7358490566037735,0.76,0.7592592592592593,0.7538643423003325,0.019867653929816043,21
1.5321542263031005,0.014937632429457982,0.005046367645263672,0.00023949845851138388,0.8492335639509159,0.0,0.02161623032849399,15,1,1000,2.754737212908629e-05,10.0,0.5,"OrderedDict({'colsample_bytree': 0.8492335639509159, 'gamma': 0.0, 'learning_rate': 0.02161623032849399, 'max_depth': 15, 'min_child_weight': 1, 'n_estimators': 1000, 'reg_alpha': 2.754737212908629e-05, 'reg_lambda': 10.0, 'subsample': 0.5})",0.7659574468085106,0.7311827956989247,0.7647058823529411,0.7252747252747253,0.7647058823529411,0.7503653464976086,0.018176496130088867,34
0.06781988143920899,0.0011985516712229604,0.00271754264831543,0.0001973286979498096,0.8282912941715488,2.4974281671173166,0.07993681497718652,6,1,55,0.08972920536030539,7.3252978093226675,0.7816609115335695,"OrderedDict({'colsample_bytree': 0.8282912941715488, 'gamma': 2.4974281671173166, 'learning_rate': 0.07993681497718652, 'max_depth': 6, 'min_child_weight': 1, 'n_estimators': 55, 'reg_alpha': 0.08972920536030539, 'reg_lambda': 7.3252978093226675, 'subsample': 0.7816609115335695})",0.7272727272727273,0.7096774193548387,0.7428571428571429,0.7291666666666666,0.7592592592592593,0.733646643082127,0.01658951530973622,131
0.40513410568237307,0.009683595818273364,0.003879737854003906,0.00035334982826937017,0.3,0.0,0.021846525351088015,8,1,825,10.0,10.0,0.9250524466885686,"OrderedDict({'colsample_bytree': 0.3, 'gamma': 0.0, 'learning_rate': 0.021846525351088015, 'max_depth': 8, 'min_child_weight': 1, 'n_estimators': 825, 'reg_alpha': 10.0, 'reg_lambda': 10.0, 'subsample': 0.9250524466885686})",0.7663551401869159,0.7524752475247525,0.7358490566037735,0.74,0.7454545454545455,0.7480267979539975,0.010724366510882771,49
0.2706796169281006,0.005990485122080353,0.0032980918884277345,0.0004513504734243078,0.694181501324785,7.891870445923997,0.0012189318628364476,6,1,558,0.00730684936454093,8.802025940508079,0.7494463574313192,"OrderedDict({'colsample_bytree': 0.694181501324785, 'gamma': 7.891870445923997, 'learning_rate': 0.0012189318628364476, 'max_depth': 6, 'min_child_weight': 1, 'n_estimators': 558, 'reg_alpha': 0.00730684936454093, 'reg_lambda': 8.802025940508079, 'subsample': 0.7494463574313192})",0.746031746031746,0.746031746031746,0.746031746031746,0.736,0.7419354838709677,0.7432061443932412,0.003936881228527724,66
0.22697806358337402,0.002892629954783813,0.0031062602996826173,0.00029716928592697336,0.4200839620913873,0.0,0.01201216986191523,2,1,1000,1e-05,10.0,0.5,"OrderedDict({'colsample_bytree': 0.4200839620913873, 'gamma': 0.0, 'learning_rate': 0.01201216986191523, 'max_depth': 2, 'min_child_weight': 1, 'n_estimators': 1000, 'reg_alpha': 1e-05, 'reg_lambda': 10.0, 'subsample': 0.5})",0.7422680412371134,0.723404255319149,0.7692307692307693,0.7096774193548387,0.7692307692307693,0.7427622508745279,0.023961415816780834,101
0.4257349967956543,0.019413458497829352,0.003172636032104492,0.00014174172012783125,0.9211463586082727,0.0,0.03365814269950239,15,1,1000,10.0,10.0,1.0,"OrderedDict({'colsample_bytree': 0.9211463586082727, 'gamma': 0.0, 'learning_rate': 0.03365814269950239, 'max_depth': 15, 'min_child_weight': 1, 'n_estimators': 1000, 'reg_alpha': 10.0, 'reg_lambda': 10.0, 'subsample': 1.0})",0.7428571428571429,0.75,0.7663551401869159,0.7346938775510204,0.7476635514018691,0.7483139423993896,0.01043104447319557,46
0.3312076568603516,0.009545343621324169,0.0033072948455810545,0.00020946395307900294,0.5424695146826474,1.2312537147880467,0.015594573740447922,4,1,477,0.002225112226339775,0.1050055339012675,0.5034212293398491,"OrderedDict({'colsample_bytree': 0.5424695146826474, 'gamma': 1.2312537147880467, 'learning_rate': 0.015594573740447922, 'max_depth': 4, 'min_child_weight': 1, 'n_estimators': 477, 'reg_alpha': 0.002225112226339775, 'reg_lambda': 0.1050055339012675, 'subsample': 0.5034212293398491})",0.8125,0.7391304347826086,0.7619047619047619,0.7391304347826086,0.780952380952381,0.7667236024844719,0.027726967877384066,1
0.09559969902038574,0.0017437769044374967,0.0025533199310302734,5.800162988695662e-05,0.4520221684563796,4.187086687487687,0.016607552274571707,2,1,380,2.2492948946492315,0.9929315623777933,0.9157913806201043,"OrderedDict({'colsample_bytree': 0.4520221684563796, 'gamma': 4.187086687487687, 'learning_rate': 0.016607552274571707, 'max_depth': 2, 'min_child_weight': 1, 'n_estimators': 380, 'reg_alpha': 2.2492948946492315, 'reg_lambda': 0.9929315623777933, 'subsample': 0.9157913806201043})",0.7755102040816326,0.7142857142857143,0.7222222222222222,0.7311827956989247,0.7619047619047619,0.7410211396386511,0.023624548763581703,110
0.24292473793029784,0.001898570121322798,0.002951526641845703,0.00037878464206981746,0.9602264191107652,0.8893518107934774,0.0721288760052089,13,2,563,0.048376933303898334,0.12534683373635055,0.9637219081203015,"OrderedDict({'colsample_bytree': 0.9602264191107652, 'gamma': 0.8893518107934774, 'learning_rate': 0.0721288760052089, 'max_depth': 13, 'min_child_weight': 2, 'n_estimators': 563, 'reg_alpha': 0.048376933303898334, 'reg_lambda': 0.12534683373635055, 'subsample': 0.9637219081203015})",0.7659574468085106,0.7578947368421053,0.7843137254901961,0.6947368421052632,0.7647058823529411,0.7535217267198032,0.030668112221985053,22
0.019565391540527343,0.0008049305067529493,0.0029060840606689453,0.00029465963041419314,0.7281833911076145,0.34878717631876005,0.27608110029460053,13,19,73,0.005540731057297964,0.10096111552553669,0.8523102535422549,"OrderedDict({'colsample_bytree': 0.7281833911076145, 'gamma': 0.34878717631876005, 'learning_rate': 0.27608110029460053, 'max_depth': 13, 'min_child_weight': 19, 'n_estimators': 73, 'reg_alpha': 0.005540731057297964, 'reg_lambda': 0.10096111552553669, 'subsample': 0.8523102535422549})",0.6511627906976745,0.7676767676767676,0.7647058823529411,0.651685393258427,0.7961165048543689,0.7262694677680359,0.06208756421799843,138
0.2685078620910645,0.011775540543320038,0.003493499755859375,0.00017294420294472612,0.3,0.0,0.020133257869707436,4,1,553,0.4925883873693595,0.1,0.5,"OrderedDict({'colsample_bytree': 0.3, 'gamma': 0.0, 'learning_rate': 0.020133257869707436, 'max_depth': 4, 'min_child_weight': 1, 'n_estimators': 553, 'reg_alpha': 0.4925883873693595, 'reg_lambda': 0.1, 'subsample': 0.5})",0.7628865979381443,0.7578947368421053,0.7692307692307693,0.7333333333333333,0.780952380952381,0.7608595636593466,0.015775872790274825,7
0.09679980278015136,0.003097237824723345,0.0027721881866455077,0.00024690799336817275,0.3714197896341362,1.5792848764899305,0.4644177315862061,12,1,737,1.3089380833329068e-05,8.533683408411306,0.572301137516241,"OrderedDict({'colsample_bytree': 0.3714197896341362, 'gamma': 1.5792848764899305, 'learning_rate': 0.4644177315862061, 'max_depth': 12, 'min_child_weight': 1, 'n_estimators': 737, 'reg_alpha': 1.3089380833329068e-05, 'reg_lambda': 8.533683408411306, 'subsample': 0.572301137516241})",0.6741573033707865,0.717391304347826,0.7070707070707071,0.7311827956989247,0.7722772277227723,0.7204158676422032,0.03203942406298391,145
0.11891412734985352,0.003513402555089325,0.002853584289550781,0.0002673916140177082,0.5633785861183558,9.531602871903026,0.001165014193238481,3,20,954,0.00931985020875925,0.12281909596845386,0.5682897064298763,"OrderedDict({'colsample_bytree': 0.5633785861183558, 'gamma': 9.531602871903026, 'learning_rate': 0.001165014193238481, 'max_depth': 3, 'min_child_weight': 20, 'n_estimators': 954, 'reg_alpha': 0.00931985020875925, 'reg_lambda': 0.12281909596845386, 'subsample': 0.5682897064298763})",0.746031746031746,0.746031746031746,0.746031746031746,0.736,0.7419354838709677,0.7432061443932412,0.003936881228527724,66
0.105796480178833,0.0016789785100905525,0.0026196002960205077,0.00010088623506582105,0.30392347727099067,0.0,0.020750947834475477,2,1,548,8.650410227736626e-05,0.1,0.5,"OrderedDict({'colsample_bytree': 0.30392347727099067, 'gamma': 0.0, 'learning_rate': 0.020750947834475477, 'max_depth': 2, 'min_child_weight': 1, 'n_estimators': 548, 'reg_alpha': 8.650410227736626e-05, 'reg_lambda': 0.1, 'subsample': 0.5})",0.7835051546391752,0.7708333333333334,0.7450980392156863,0.6888888888888889,0.7619047619047619,0.7500460355963691,0.03303614095370931,35
0.20732536315917968,0.00476385761608826,0.00322265625,0.00018939131557725545,0.3,0.0,0.018698604812181316,11,1,563,10.0,0.1,0.5,"OrderedDict({'colsample_bytree': 0.3, 'gamma': 0.0, 'learning_rate': 0.018698604812181316, 'max_depth': 11, 'min_child_weight': 1, 'n_estimators': 563, 'reg_alpha': 10.0, 'reg_lambda': 0.1, 'subsample': 0.5})",0.7777777777777778,0.7547169811320755,0.7547169811320755,0.7378640776699029,0.7522935779816514,0.7554738791386967,0.012797102069664777,19
0.4573962688446045,0.010528325237099727,0.003766441345214844,0.000369579701515825,0.5605727189629921,0.04364832159947763,0.06635976495915333,4,1,658,0.016485489869033143,9.901414843242565,0.7079265859298174,"OrderedDict({'colsample_bytree': 0.5605727189629921, 'gamma': 0.04364832159947763, 'learning_rate': 0.06635976495915333, 'max_depth': 4, 'min_child_weight': 1, 'n_estimators': 658, 'reg_alpha': 0.016485489869033143, 'reg_lambda': 9.901414843242565, 'subsample': 0.7079265859298174})",0.7191011235955056,0.7526881720430108,0.7647058823529411,0.7472527472527473,0.7722772277227723,0.7512050305933954,0.0183018664992729,32
0.28816781044006345,0.007018232824579114,0.0028824806213378906,0.00029933097017637993,0.7764283414591947,7.784923291845245,0.004687808779328808,8,2,994,0.018719135955042456,9.865736192161316,0.6581167213571701,"OrderedDict({'colsample_bytree': 0.7764283414591947, 'gamma': 7.784923291845245, 'learning_rate': 0.004687808779328808, 'max_depth': 8, 'min_child_weight': 2, 'n_estimators': 994, 'reg_alpha': 0.018719135955042456, 'reg_lambda': 9.865736192161316, 'subsample': 0.6581167213571701})",0.7706422018348624,0.7428571428571429,0.7207207207207207,0.7254901960784313,0.7543859649122807,0.7428192452806877,0.018420358762300814,100
0.5334292888641358,0.005492720231282333,0.0040146827697753905,0.0005453946893924442,0.3,0.0,0.02342407880213498,15,1,559,0.0006360115831806416,0.1,0.5,"OrderedDict({'colsample_bytree': 0.3, 'gamma': 0.0, 'learning_rate': 0.02342407880213498, 'max_depth': 15, 'min_child_weight': 1, 'n_estimators': 559, 'reg_alpha': 0.0006360115831806416, 'reg_lambda': 0.1, 'subsample': 0.5})",0.7692307692307693,0.7835051546391752,0.7647058823529411,0.7096774193548387,0.7663551401869159,0.758694873152928,0.02539321906758713,11
0.7619440078735351,0.008152034946184432,0.0038540840148925783,0.00018373015259128244,0.9551765924688072,0.0,0.024115958450859332,15,1,555,0.009792283999982462,0.1,0.5,"OrderedDict({'colsample_bytree': 0.9551765924688072, 'gamma': 0.0, 'learning_rate': 0.024115958450859332, 'max_depth': 15, 'min_child_weight': 1, 'n_estimators': 555, 'reg_alpha': 0.009792283999982462, 'reg_lambda': 0.1, 'subsample': 0.5})",0.7216494845360825,0.7608695652173914,0.7766990291262136,0.7333333333333333,0.7878787878787878,0.7560860400183618,0.02514803477326145,18
0.06786069869995118,0.0010734795356445418,0.002627706527709961,2.717996898334484e-05,0.9890572648489773,9.144123877536781,0.0012714847597100453,3,20,579,0.2438982767491516,9.089308912048674,0.5175728604427686,"OrderedDict({'colsample_bytree': 0.9890572648489773, 'gamma': 9.144123877536781, 'learning_rate': 0.0012714847597100453, 'max_depth': 3, 'min_child_weight': 20, 'n_estimators': 579, 'reg_alpha': 0.2438982767491516, 'reg_lambda': 9.089308912048674, 'subsample': 0.5175728604427686})",0.746031746031746,0.746031746031746,0.746031746031746,0.736,0.7419354838709677,0.7432061443932412,0.003936881228527724,66
0.25894775390625,0.0026175538659712807,0.0029129981994628906,0.0002836334278451133,1.0,0.0,0.014616019668995835,2,1,574,1.598826243937872e-05,0.1,0.5,"OrderedDict({'colsample_bytree': 1.0, 'gamma': 0.0, 'learning_rate': 0.014616019668995835, 'max_depth': 2, 'min_child_weight': 1, 'n_estimators': 574, 'reg_alpha': 1.598826243937872e-05, 'reg_lambda': 0.1, 'subsample': 0.5})",0.7916666666666666,0.7252747252747253,0.7692307692307693,0.7333333333333333,0.7692307692307693,0.7577472527472527,0.02475792173787746,13
0.25829005241394043,0.0039640558693236376,0.002934837341308594,0.0002972636881986204,1.0,0.0,0.013345260755866502,2,1,588,7.10013578311511e-05,0.1,0.5,"OrderedDict({'colsample_bytree': 1.0, 'gamma': 0.0, 'learning_rate': 0.013345260755866502, 'max_depth': 2, 'min_child_weight': 1, 'n_estimators': 588, 'reg_alpha': 7.10013578311511e-05, 'reg_lambda': 0.1, 'subsample': 0.5})",0.7708333333333334,0.717391304347826,0.7619047619047619,0.7252747252747253,0.7619047619047619,0.7474617773530816,0.02172522893387175,52
0.014502811431884765,0.000556428457549409,0.002697134017944336,0.00021916079034487067,0.4212839260416944,1.551041500255548,0.004347880882614027,8,19,61,0.024014180993237655,7.858620308755817,0.7328537667213093,"OrderedDict({'colsample_bytree': 0.4212839260416944, 'gamma': 1.551041500255548, 'learning_rate': 0.004347880882614027, 'max_depth': 8, 'min_child_weight': 19, 'n_estimators': 61, 'reg_alpha': 0.024014180993237655, 'reg_lambda': 7.858620308755817, 'subsample': 0.7328537667213093})",0.746031746031746,0.746031746031746,0.746031746031746,0.736,0.7419354838709677,0.7432061443932412,0.003936881228527724,66
0.0983464241027832,0.0019700457012933746,0.0031124114990234374,0.0003119950882611056,0.3897774971551515,0.8931315814485131,0.09603868910728917,8,2,545,3.0976215054652516,0.10851766100527924,0.5123231466917516,"OrderedDict({'colsample_bytree': 0.3897774971551515, 'gamma': 0.8931315814485131, 'learning_rate': 0.09603868910728917, 'max_depth': 8, 'min_child_weight': 2, 'n_estimators': 545, 'reg_alpha': 3.0976215054652516, 'reg_lambda': 0.10851766100527924, 'subsample': 0.5123231466917516})",0.7777777777777778,0.7252747252747253,0.75,0.7415730337078652,0.7647058823529411,0.7518662838226619,0.018181341032198862,29
0.13296294212341309,0.003710697184647873,0.0027647972106933593,0.00012617498652823183,0.7944049098432446,0.0,0.03610653893713517,2,1,525,10.0,0.1,0.5,"OrderedDict({'colsample_bytree': 0.7944049098432446, 'gamma': 0.0, 'learning_rate': 0.03610653893713517, 'max_depth': 2, 'min_child_weight': 1, 'n_estimators': 525, 'reg_alpha': 10.0, 'reg_lambda': 0.1, 'subsample': 0.5})",0.7884615384615384,0.7346938775510204,0.7272727272727273,0.7142857142857143,0.7592592592592593,0.7447946233660521,0.026290152557476493,62
0.07004342079162598,0.0016054434588026899,0.002582693099975586,0.0001386379416387359,0.7851474749992866,0.972809697504248,0.004198022710069365,4,1,52,2.825694212180076,0.100153270329826,0.7501300364508063,"OrderedDict({'colsample_bytree': 0.7851474749992866, 'gamma': 0.972809697504248, 'learning_rate': 0.004198022710069365, 'max_depth': 4, 'min_child_weight': 1, 'n_estimators': 52, 'reg_alpha': 2.825694212180076, 'reg_lambda': 0.100153270329826, 'subsample': 0.7501300364508063})",0.746031746031746,0.746031746031746,0.746031746031746,0.736,0.7419354838709677,0.7432061443932412,0.003936881228527724,66
0.1503011703491211,0.004335679894753276,0.003119039535522461,0.0003050631598446597,0.7006353685152467,0.15941124708676815,0.0010032515201423514,12,20,566,0.045857207566753426,0.1288611999876568,0.9125114341555858,"OrderedDict({'colsample_bytree': 0.7006353685152467, 'gamma': 0.15941124708676815, 'learning_rate': 0.0010032515201423514, 'max_depth': 12, 'min_child_weight': 20, 'n_estimators': 566, 'reg_alpha': 0.045857207566753426, 'reg_lambda': 0.1288611999876568, 'subsample': 0.9125114341555858})",0.752,0.7377049180327869,0.7419354838709677,0.7419354838709677,0.7377049180327869,0.7422561607615019,0.005226388642137177,103
0.9239588260650635,0.0111363978964858,0.004193830490112305,0.00010784549169337942,0.5168902765341075,0.0,0.028055309053190376,15,1,786,1e-05,10.0,0.5,"OrderedDict({'colsample_bytree': 0.5168902765341075, 'gamma': 0.0, 'learning_rate': 0.028055309053190376, 'max_depth': 15, 'min_child_weight': 1, 'n_estimators': 786, 'reg_alpha': 1e-05, 'reg_lambda': 10.0, 'subsample': 0.5})",0.7578947368421053,0.723404255319149,0.7843137254901961,0.7111111111111111,0.7619047619047619,0.7477257181334647,0.026740603983196776,51
0.017276906967163087,0.0004761822160390136,0.0029912471771240236,0.00010071636114733714,0.47354079083428324,3.301790006990108,0.005147309478395792,10,1,53,7.892863347228197,9.242761364523885,0.6526596749894401,"OrderedDict({'colsample_bytree': 0.47354079083428324, 'gamma': 3.301790006990108, 'learning_rate': 0.005147309478395792, 'max_depth': 10, 'min_child_weight': 1, 'n_estimators': 53, 'reg_alpha': 7.892863347228197, 'reg_lambda': 9.242761364523885, 'subsample': 0.6526596749894401})",0.746031746031746,0.746031746031746,0.746031746031746,0.736,0.7419354838709677,0.7432061443932412,0.003936881228527724,66
0.028203487396240234,0.0010998697093964624,0.0029441356658935548,0.0003328070453336507,0.651447748460535,9.139802163378652,0.09745145133147375,14,1,85,0.0016253905635766949,0.10926303854656172,0.7788171955689858,"OrderedDict({'colsample_bytree': 0.651447748460535, 'gamma': 9.139802163378652, 'learning_rate': 0.09745145133147375, 'max_depth': 14, 'min_child_weight': 1, 'n_estimators': 85, 'reg_alpha': 0.0016253905635766949, 'reg_lambda': 0.10926303854656172, 'subsample': 0.7788171955689858})",0.78,0.7346938775510204,0.7289719626168224,0.6966292134831461,0.7572815533980582,0.7395153214098095,0.028029538662738773,120
0.5071096897125245,0.007727135484058963,0.003358316421508789,0.0001174357472946307,0.622433944254921,1.1406353589925047,0.0010921625101171846,8,1,364,0.08862214187430277,8.035589591653139,0.5353900460322437,"OrderedDict({'colsample_bytree': 0.622433944254921, 'gamma': 1.1406353589925047, 'learning_rate': 0.0010921625101171846, 'max_depth': 8, 'min_child_weight': 1, 'n_estimators': 364, 'reg_alpha': 0.08862214187430277, 'reg_lambda': 8.035589591653139, 'subsample': 0.5353900460322437})",0.746031746031746,0.746031746031746,0.746031746031746,0.736,0.7419354838709677,0.7432061443932412,0.003936881228527724,66
0.9638850212097168,0.017260603075931923,0.0043332576751708984,0.0004014717420374144,0.49245744549863363,0.03417304894441809,0.003628843263014076,15,1,506,0.10189779621761931,8.83352874330815,0.5782432814788547,"OrderedDict({'colsample_bytree': 0.49245744549863363, 'gamma': 0.03417304894441809, 'learning_rate': 0.003628843263014076, 'max_depth': 15, 'min_child_weight': 1, 'n_estimators': 506, 'reg_alpha': 0.10189779621761931, 'reg_lambda': 8.83352874330815, 'subsample': 0.5782432814788547})",0.7818181818181819,0.7592592592592593,0.7387387387387387,0.75,0.7522935779816514,0.7564219515595663,0.014310833464409258,17
0.1801675796508789,0.005755924602926389,0.002736806869506836,0.00010159653227557013,0.7395830900294711,9.267948215562392,0.0011930895253565105,14,2,740,3.345371083455803,0.10066184088369685,0.5028657841443526,"OrderedDict({'colsample_bytree': 0.7395830900294711, 'gamma': 9.267948215562392, 'learning_rate': 0.0011930895253565105, 'max_depth': 14, 'min_child_weight': 2, 'n_estimators': 740, 'reg_alpha': 3.345371083455803, 'reg_lambda': 0.10066184088369685, 'subsample': 0.5028657841443526})",0.746031746031746,0.746031746031746,0.746031746031746,0.736,0.7419354838709677,0.7432061443932412,0.003936881228527724,66
0.22658181190490723,0.001977610891461184,0.0029134273529052733,0.00031808485504896934,0.9381546185792364,2.1797845756903884,0.08839073209936579,7,1,902,2.2321628755321865,0.11104134412523894,0.5402401727050387,"OrderedDict({'colsample_bytree': 0.9381546185792364, 'gamma': 2.1797845756903884, 'learning_rate': 0.08839073209936579, 'max_depth': 7, 'min_child_weight': 1, 'n_estimators': 902, 'reg_alpha': 2.2321628755321865, 'reg_lambda': 0.11104134412523894, 'subsample': 0.5402401727050387})",0.717391304347826,0.7472527472527473,0.7524752475247525,0.7368421052631579,0.7647058823529411,0.743733457348285,0.015937670254825412,63
0.07118105888366699,0.001633711243968405,0.0025053024291992188,8.43588140393457e-05,0.7576375202732148,0.5099922461469198,0.004589625515777185,15,19,467,0.007703245274221066,0.1101678252924847,0.5139683528184148,"OrderedDict({'colsample_bytree': 0.7576375202732148, 'gamma': 0.5099922461469198, 'learning_rate': 0.004589625515777185, 'max_depth': 15, 'min_child_weight': 19, 'n_estimators': 467, 'reg_alpha': 0.007703245274221066, 'reg_lambda': 0.1101678252924847, 'subsample': 0.5139683528184148})",0.7433628318584071,0.7394957983193278,0.7586206896551724,0.7256637168141593,0.7433628318584071,0.7421011737010949,0.010517185362620834,104
0.42651004791259767,0.005067721324269311,0.0036748409271240234,0.0002608404122568533,0.3,0.0,0.011015565835263193,5,1,571,1e-05,0.1,0.5,"OrderedDict({'colsample_bytree': 0.3, 'gamma': 0.0, 'learning_rate': 0.011015565835263193, 'max_depth': 5, 'min_child_weight': 1, 'n_estimators': 571, 'reg_alpha': 1e-05, 'reg_lambda': 0.1, 'subsample': 0.5})",0.7789473684210526,0.7346938775510204,0.7647058823529411,0.717391304347826,0.7663551401869159,0.7524187145719512,0.022759864852291135,27
0.815323781967163,0.006146783196054233,0.0037754058837890627,0.00017763156352222414,0.8123393192629549,0.7582858478941458,0.016227751101904466,8,1,381,0.09106728193996746,9.066382053439215,0.9331547012318906,"OrderedDict({'colsample_bytree': 0.8123393192629549, 'gamma': 0.7582858478941458, 'learning_rate': 0.016227751101904466, 'max_depth': 8, 'min_child_weight': 1, 'n_estimators': 381, 'reg_alpha': 0.09106728193996746, 'reg_lambda': 9.066382053439215, 'subsample': 0.9331547012318906})",0.7551020408163265,0.723404255319149,0.7524752475247525,0.7346938775510204,0.780952380952381,0.7493255604327258,0.01964456277611806,39
0.12151169776916504,0.002907203141112623,0.0029818534851074217,0.00021429527686794383,0.3,0.0,0.027975645097727337,2,1,609,0.9959595929690273,0.1,0.5,"OrderedDict({'colsample_bytree': 0.3, 'gamma': 0.0, 'learning_rate': 0.027975645097727337, 'max_depth': 2, 'min_child_weight': 1, 'n_estimators': 609, 'reg_alpha': 0.9959595929690273, 'reg_lambda': 0.1, 'subsample': 0.5})",0.7555555555555555,0.7391304347826086,0.780952380952381,0.7333333333333333,0.7572815533980582,0.7532506516043874,0.01664347710406889,23
0.8078306674957275,0.0157569658155515,0.00436091423034668,0.00015966014836529095,0.3,0.0,0.021978064722886426,15,1,761,1e-05,10.0,0.5,"OrderedDict({'colsample_bytree': 0.3, 'gamma': 0.0, 'learning_rate': 0.021978064722886426, 'max_depth': 15, 'min_child_weight': 1, 'n_estimators': 761, 'reg_alpha': 1e-05, 'reg_lambda': 10.0, 'subsample': 0.5})",0.7676767676767676,0.75,0.7619047619047619,0.7368421052631579,0.7692307692307693,0.7571308808150914,0.012189313718378234,14
0.29822611808776855,0.00643337441141568,0.003685283660888672,0.00038908163082792364,0.3,0.0,0.019531877912372896,15,1,752,10.0,10.0,0.5,"OrderedDict({'colsample_bytree': 0.3, 'gamma': 0.0, 'learning_rate': 0.019531877912372896, 'max_depth': 15, 'min_child_weight': 1, 'n_estimators': 752, 'reg_alpha': 10.0, 'reg_lambda': 10.0, 'subsample': 0.5})",0.7663551401869159,0.780952380952381,0.7476635514018691,0.75,0.7522935779816514,0.7594529301045634,0.012565592316765632,9
0.6968770503997803,0.015744122059361095,0.0036918163299560548,0.00024175030702416818,1.0,0.0,0.01977175333962457,15,1,735,10.0,10.0,0.5,"OrderedDict({'colsample_bytree': 1.0, 'gamma': 0.0, 'learning_rate': 0.01977175333962457, 'max_depth': 15, 'min_child_weight': 1, 'n_estimators': 735, 'reg_alpha': 10.0, 'reg_lambda': 10.0, 'subsample': 0.5})",0.7850467289719626,0.7474747474747475,0.7358490566037735,0.7291666666666666,0.7454545454545455,0.7485983490343392,0.01938950808354139,45
0.5136254310607911,0.006196089693630374,0.003862619400024414,0.0002040305908310043,0.3,0.0,0.024978288791820586,15,1,610,0.004654807114924766,0.1,0.5,"OrderedDict({'colsample_bytree': 0.3, 'gamma': 0.0, 'learning_rate': 0.024978288791820586, 'max_depth': 15, 'min_child_weight': 1, 'n_estimators': 610, 'reg_alpha': 0.004654807114924766, 'reg_lambda': 0.1, 'subsample': 0.5})",0.7777777777777778,0.7741935483870968,0.7619047619047619,0.7252747252747253,0.7663551401869159,0.7611011907062555,0.01876861062055569,6
0.49869489669799805,0.011104348206225361,0.004058980941772461,0.00015425682804868227,0.3,0.0,0.026638225397194962,15,1,606,0.00013417148847768033,0.1,0.5,"OrderedDict({'colsample_bytree': 0.3, 'gamma': 0.0, 'learning_rate': 0.026638225397194962, 'max_depth': 15, 'min_child_weight': 1, 'n_estimators': 606, 'reg_alpha': 0.00013417148847768033, 'reg_lambda': 0.1, 'subsample': 0.5})",0.7555555555555555,0.7659574468085106,0.7692307692307693,0.7252747252747253,0.7692307692307693,0.757049853220066,0.016661250461531694,15
0.05003700256347656,0.0007764296354973003,0.0025243282318115233,0.00013338205044357556,0.33013373017661074,1.0729567214449722,0.3725906588056707,3,1,378,0.0014345632413954748,0.10020905776580247,0.7648843949909221,"OrderedDict({'colsample_bytree': 0.33013373017661074, 'gamma': 1.0729567214449722, 'learning_rate': 0.3725906588056707, 'max_depth': 3, 'min_child_weight': 1, 'n_estimators': 378, 'reg_alpha': 0.0014345632413954748, 'reg_lambda': 0.10020905776580247, 'subsample': 0.7648843949909221})",0.7157894736842105,0.6956521739130435,0.7157894736842105,0.7446808510638298,0.74,0.7223823944690588,0.017939002709607507,142
0.18868846893310548,0.006602673802006224,0.0031964778900146484,0.0001304223286921415,0.3,0.0,0.024946891665912897,10,1,599,10.0,0.1,0.5,"OrderedDict({'colsample_bytree': 0.3, 'gamma': 0.0, 'learning_rate': 0.024946891665912897, 'max_depth': 10, 'min_child_weight': 1, 'n_estimators': 599, 'reg_alpha': 10.0, 'reg_lambda': 0.1, 'subsample': 0.5})",0.7777777777777778,0.7524752475247525,0.7476635514018691,0.7142857142857143,0.7522935779816514,0.7488991737943531,0.02028744633016417,44
0.0954634666442871,0.0031523040635528955,0.002671480178833008,0.0003775040910105794,0.7570367826024473,0.24566317833800705,0.32034003180100573,6,1,97,5.101014010049324e-05,7.650873110219314,0.9528540127854641,"OrderedDict({'colsample_bytree': 0.7570367826024473, 'gamma': 0.24566317833800705, 'learning_rate': 0.32034003180100573, 'max_depth': 6, 'min_child_weight': 1, 'n_estimators': 97, 'reg_alpha': 5.101014010049324e-05, 'reg_lambda': 7.650873110219314, 'subsample': 0.9528540127854641})",0.75,0.7311827956989247,0.7524752475247525,0.7472527472527473,0.780952380952381,0.7523726342857611,0.016110023867306693,28
0.18126511573791504,0.00460939228878729,0.0035274505615234377,0.00022140691765927027,0.3,0.0,0.011222390334236129,3,1,567,0.003304326669225021,0.1,0.5,"OrderedDict({'colsample_bytree': 0.3, 'gamma': 0.0, 'learning_rate': 0.011222390334236129, 'max_depth': 3, 'min_child_weight': 1, 'n_estimators': 567, 'reg_alpha': 0.003304326669225021, 'reg_lambda': 0.1, 'subsample': 0.5})",0.7755102040816326,0.7368421052631579,0.7619047619047619,0.7032967032967034,0.7619047619047619,0.7478917072902036,0.025559033042804092,50
0.01620659828186035,0.0007715975008250959,0.003085613250732422,0.0003370882579332856,0.33397668217237264,0.49786308320121,0.009842792404533486,9,20,122,0.02016900688732787,0.11922336140312088,0.5102306312884343,"OrderedDict({'colsample_bytree': 0.33397668217237264, 'gamma': 0.49786308320121, 'learning_rate': 0.009842792404533486, 'max_depth': 9, 'min_child_weight': 20, 'n_estimators': 122, 'reg_alpha': 0.02016900688732787, 'reg_lambda': 0.11922336140312088, 'subsample': 0.5102306312884343})",0.746031746031746,0.746031746031746,0.746031746031746,0.736,0.7419354838709677,0.7432061443932412,0.003936881228527724,66
0.1282942295074463,0.0022473853123714366,0.003025245666503906,0.0002707429736223558,0.3009252192237997,8.391493421818966,0.005456371697843477,13,1,459,0.00010210969866243847,0.11285436773830476,0.796721164442115,"OrderedDict({'colsample_bytree': 0.3009252192237997, 'gamma': 8.391493421818966, 'learning_rate': 0.005456371697843477, 'max_depth': 13, 'min_child_weight': 1, 'n_estimators': 459, 'reg_alpha': 0.00010210969866243847, 'reg_lambda': 0.11285436773830476, 'subsample': 0.796721164442115})",0.8037383177570093,0.7619047619047619,0.7155963302752294,0.7547169811320755,0.7567567567567568,0.7585426295651667,0.02798629562955953,12
0.7762929439544678,0.017406079341664396,0.004388093948364258,0.00021820247589388926,0.3,0.0,0.03802353194455119,15,1,883,5.530894220465497e-05,10.0,0.5622181133558024,"OrderedDict({'colsample_bytree': 0.3, 'gamma': 0.0, 'learning_rate': 0.03802353194455119, 'max_depth': 15, 'min_child_weight': 1, 'n_estimators': 883, 'reg_alpha': 5.530894220465497e-05, 'reg_lambda': 10.0, 'subsample': 0.5622181133558024})",0.7692307692307693,0.723404255319149,0.7766990291262136,0.7311827956989247,0.7692307692307693,0.7539495237211652,0.022072200848188173,20
0.8735436916351318,0.012994856904784505,0.004610109329223633,0.0004044472060482032,0.3,0.0,0.008490704995558488,13,1,535,0.0024660906679366563,0.1,0.5,"OrderedDict({'colsample_bytree': 0.3, 'gamma': 0.0, 'learning_rate': 0.008490704995558488, 'max_depth': 13, 'min_child_weight': 1, 'n_estimators': 535, 'reg_alpha': 0.0024660906679366563, 'reg_lambda': 0.1, 'subsample': 0.5})",0.7878787878787878,0.7628865979381443,0.7619047619047619,0.6888888888888889,0.780952380952381,0.7565022835125929,0.03528118384368604,16
1.4739453315734863,0.007332531028450357,0.004582929611206055,6.818844721472874e-05,0.3,0.0,0.008205873638845784,15,1,534,0.00012316981881100572,0.1,1.0,"OrderedDict({'colsample_bytree': 0.3, 'gamma': 0.0, 'learning_rate': 0.008205873638845784, 'max_depth': 15, 'min_child_weight': 1, 'n_estimators': 534, 'reg_alpha': 0.00012316981881100572, 'reg_lambda': 0.1, 'subsample': 1.0})",0.76,0.72,0.7843137254901961,0.6808510638297872,0.7547169811320755,0.7399763540904118,0.035996915575879626,116
0.47224745750427244,0.014057321368472521,0.004189252853393555,0.0002910662993747663,0.3,0.0,0.034679080998541126,14,1,819,5.148754231675123,10.0,0.5,"OrderedDict({'colsample_bytree': 0.3, 'gamma': 0.0, 'learning_rate': 0.034679080998541126, 'max_depth': 14, 'min_child_weight': 1, 'n_estimators': 819, 'reg_alpha': 5.148754231675123, 'reg_lambda': 10.0, 'subsample': 0.5})",0.7628865979381443,0.723404255319149,0.7547169811320755,0.6956521739130435,0.7692307692307693,0.7411781555066363,0.02767682039833505,109
0.844097900390625,0.0032206904991576653,0.004108524322509766,0.00029006442129884545,0.3,0.0,0.015124739023986863,15,1,624,1e-05,10.0,0.5,"OrderedDict({'colsample_bytree': 0.3, 'gamma': 0.0, 'learning_rate': 0.015124739023986863, 'max_depth': 15, 'min_child_weight': 1, 'n_estimators': 624, 'reg_alpha': 1e-05, 'reg_lambda': 10.0, 'subsample': 0.5})",0.7766990291262136,0.7368421052631579,0.7663551401869159,0.7291666666666666,0.7547169811320755,0.7527559844750058,0.0177299712203244,24
0.016183805465698243,0.0007032632694392461,0.002417325973510742,0.0001716587278373608,0.8247387753657223,8.415764556163243,0.4331563985450024,8,2,52,0.3874341980077087,5.77333360377931,0.5077324599208974,"OrderedDict({'colsample_bytree': 0.8247387753657223, 'gamma': 8.415764556163243, 'learning_rate': 0.4331563985450024, 'max_depth': 8, 'min_child_weight': 2, 'n_estimators': 52, 'reg_alpha': 0.3874341980077087, 'reg_lambda': 5.77333360377931, 'subsample': 0.5077324599208974})",0.7346938775510204,0.6990291262135923,0.7572815533980582,0.723404255319149,0.7102803738317757,0.7249378372627191,0.020148204443992485,140
0.5470231056213379,0.005674659992465135,0.003934526443481445,0.0002096276480449024,0.3,0.0,0.01120961693617977,12,1,593,5.176786318844804,10.0,0.5,"OrderedDict({'colsample_bytree': 0.3, 'gamma': 0.0, 'learning_rate': 0.01120961693617977, 'max_depth': 12, 'min_child_weight': 1, 'n_estimators': 593, 'reg_alpha': 5.176786318844804, 'reg_lambda': 10.0, 'subsample': 0.5})",0.7962962962962963,0.7524752475247525,0.7358490566037735,0.7083333333333334,0.7663551401869159,0.7518618147890143,0.02944823611073598,30
0.13031911849975586,0.004089889885104699,0.003150653839111328,0.00016813777206467728,0.3,0.0,0.020805734479028035,2,1,621,0.3145041633970312,0.1,0.5,"OrderedDict({'colsample_bytree': 0.3, 'gamma': 0.0, 'learning_rate': 0.020805734479028035, 'max_depth': 2, 'min_child_weight': 1, 'n_estimators': 621, 'reg_alpha': 0.3145041633970312, 'reg_lambda': 0.1, 'subsample': 0.5})",0.7741935483870968,0.7628865979381443,0.7692307692307693,0.7252747252747253,0.780952380952381,0.7625076043566233,0.019536647298540214,5
0.11591153144836426,0.00547320954322301,0.002804470062255859,0.0002162524277993228,0.3,0.0,0.020951767409773038,2,1,611,0.41694874630881273,10.0,0.5,"OrderedDict({'colsample_bytree': 0.3, 'gamma': 0.0, 'learning_rate': 0.020951767409773038, 'max_depth': 2, 'min_child_weight': 1, 'n_estimators': 611, 'reg_alpha': 0.41694874630881273, 'reg_lambda': 10.0, 'subsample': 0.5})",0.7526881720430108,0.7368421052631579,0.7619047619047619,0.7021276595744681,0.7766990291262136,0.7460523455823224,0.025490229798654555,59
0.09365854263305665,0.0014948734529443642,0.002675628662109375,0.00020930433422740189,0.4421143537417853,9.887115233030315,0.034258232905589256,2,1,724,9.764051465974475e-05,7.589631032976619,0.9911625907323312,"OrderedDict({'colsample_bytree': 0.4421143537417853, 'gamma': 9.887115233030315, 'learning_rate': 0.034258232905589256, 'max_depth': 2, 'min_child_weight': 1, 'n_estimators': 724, 'reg_alpha': 9.764051465974475e-05, 'reg_lambda': 7.589631032976619, 'subsample': 0.9911625907323312})",0.7758620689655172,0.7090909090909091,0.7068965517241379,0.7037037037037037,0.7478260869565218,0.728675864088158,0.028547457575752187,135
0.38303518295288086,0.004326020078593223,0.0033526897430419924,0.00020004858360105077,0.3960637521118283,0.0,0.033218324202299504,12,1,529,0.003500206816963728,0.1,0.5,"OrderedDict({'colsample_bytree': 0.3960637521118283, 'gamma': 0.0, 'learning_rate': 0.033218324202299504, 'max_depth': 12, 'min_child_weight': 1, 'n_estimators': 529, 'reg_alpha': 0.003500206816963728, 'reg_lambda': 0.1, 'subsample': 0.5})",0.7391304347826086,0.7608695652173914,0.7766990291262136,0.6966292134831461,0.7766990291262136,0.7500054543471146,0.030034686325224477,36
0.13282465934753418,0.010823561548531395,0.0029685497283935547,0.00014482816998868215,0.5497453307135454,9.604245203458477,0.0010396472173385435,11,1,948,9.408831239441229,0.12082887902186817,0.8976193488924893,"OrderedDict({'colsample_bytree': 0.5497453307135454, 'gamma': 9.604245203458477, 'learning_rate': 0.0010396472173385435, 'max_depth': 11, 'min_child_weight': 1, 'n_estimators': 948, 'reg_alpha': 9.408831239441229, 'reg_lambda': 0.12082887902186817, 'subsample': 0.8976193488924893})",0.746031746031746,0.746031746031746,0.746031746031746,0.736,0.7419354838709677,0.7432061443932412,0.003936881228527724,66
0.018512439727783204,0.00045592029773040805,0.003316640853881836,0.00031776268656399855,0.6061631807082097,7.053837028219238,0.001065411545074403,6,20,134,0.8837278935552545,9.410740013461824,0.5289019620674038,"OrderedDict({'colsample_bytree': 0.6061631807082097, 'gamma': 7.053837028219238, 'learning_rate': 0.001065411545074403, 'max_depth': 6, 'min_child_weight': 20, 'n_estimators': 134, 'reg_alpha': 0.8837278935552545, 'reg_lambda': 9.410740013461824, 'subsample': 0.5289019620674038})",0.746031746031746,0.746031746031746,0.746031746031746,0.736,0.7419354838709677,0.7432061443932412,0.003936881228527724,66
